,Book-Title,Book-Author,Publisher,Year-Of-Publication,Image-URL-M
31,The Kitchen God's Wife,Amy Tan,Putnam Pub Group,1991,https://images.amazon.com/images/P/0399135782.01.MZZZZZZZ.jpg
103,The Testament,John Grisham,Dell,1999,https://images.amazon.com/images/P/0440234743.01.MZZZZZZZ.jpg
521,Beloved,Toni Morrison,Plume,1994,https://images.amazon.com/images/P/0452264464.01.MZZZZZZZ.jpg
775,Wild Animus,Rich Shapero,Too Far,2004,https://images.amazon.com/images/P/0971880107.01.MZZZZZZZ.jpg
3276,Airframe,Michael Crichton,Ballantine Books,1997,https://images.amazon.com/images/P/0345402871.01.MZZZZZZZ.jpg
3484,Timeline,MICHAEL CRICHTON,Ballantine Books,2000,https://images.amazon.com/images/P/0345417623.01.MZZZZZZZ.jpg
3958,To Kill a Mockingbird,Harper Lee,Little Brown &amp; Company,1988,https://images.amazon.com/images/P/0446310786.01.MZZZZZZZ.jpg
4350,Seabiscuit: An American Legend,LAURA HILLENBRAND,Ballantine Books,2002,https://images.amazon.com/images/P/0449005615.01.MZZZZZZZ.jpg
4592,Pigs in Heaven,Barbara Kingsolver,Harpercollins,1993,https://images.amazon.com/images/P/0060168013.01.MZZZZZZZ.jpg
4656,Pride and Prejudice,Jane Austen,Bantam,1983,https://images.amazon.com/images/P/055321215X.01.MZZZZZZZ.jpg
4703,Icebound,Dean R. Koontz,Bantam Books,2000,https://images.amazon.com/images/P/0553582909.01.MZZZZZZZ.jpg
4734,I'll Be Seeing You,Mary Higgins Clark,Pocket,1994,https://images.amazon.com/images/P/0671888587.01.MZZZZZZZ.jpg
4872,From the Corner of His Eye,Dean Koontz,Bantam Books,2001,https://images.amazon.com/images/P/0553582747.01.MZZZZZZZ.jpg
5035,Isle of Dogs,Patricia Cornwell,Berkley Publishing Group,2002,https://images.amazon.com/images/P/0425182908.01.MZZZZZZZ.jpg
5235,Purity in Death,J.D. Robb,Berkley Publishing Group,2002,https://images.amazon.com/images/P/042518630X.01.MZZZZZZZ.jpg
5531,The Street Lawyer,JOHN GRISHAM,Dell,1999,https://images.amazon.com/images/P/0440225701.01.MZZZZZZZ.jpg
6057,Breathing Lessons,Anne Tyler,Berkley Publishing Group,1994,https://images.amazon.com/images/P/042511774X.01.MZZZZZZZ.jpg
6230,The Joy Luck Club,Amy Tan,Prentice Hall (K-12),1994,https://images.amazon.com/images/P/0804106304.01.MZZZZZZZ.jpg
6808,The Tao of Pooh,Benjamin Hoff,Penguin Books,1983,https://images.amazon.com/images/P/0140067477.01.MZZZZZZZ.jpg
7000,Seabiscuit,LAURA HILLENBRAND,Ballantine Books,2003,https://images.amazon.com/images/P/0345465083.01.MZZZZZZZ.jpg
7478,The Catcher in the Rye,J.D. Salinger,"Little, Brown",1991,https://images.amazon.com/images/P/0316769487.01.MZZZZZZZ.jpg
7920,Midnight in the Garden of Good and Evil: A Savannah Story,John Berendt,Random House,1994,https://images.amazon.com/images/P/0679429220.01.MZZZZZZZ.jpg
8184,Pretend You Don't See Her,Mary Higgins Clark,Pocket,1998,https://images.amazon.com/images/P/0671867156.01.MZZZZZZZ.jpg
8354,Fast Women,Jennifer Crusie,St. Martin's Press,2001,https://images.amazon.com/images/P/0312252617.01.MZZZZZZZ.jpg
8487,The Pillars of the Earth,Ken Follett,Signet Book,1996,https://images.amazon.com/images/P/0451166892.01.MZZZZZZZ.jpg
8838,The Five People You Meet in Heaven,Mitch Albom,Hyperion,2003,https://images.amazon.com/images/P/0786868716.01.MZZZZZZZ.jpg
9302,The Alibi,Sandra Brown,Warner Books,2000,https://images.amazon.com/images/P/0446608653.01.MZZZZZZZ.jpg
9389,The Beach House,James Patterson,Warner Books,2003,https://images.amazon.com/images/P/0446612545.01.MZZZZZZZ.jpg
9774,Angels and Demons,Dan Brown,Pocket Star,2001,https://images.amazon.com/images/P/0671027360.01.MZZZZZZZ.jpg
10554,The Girl Who Loved Tom Gordon,Stephen King,Pocket,2000,https://images.amazon.com/images/P/0671042858.01.MZZZZZZZ.jpg
11017,Little Altars Everywhere: A Novel,Rebecca Wells,Perennial,1996,https://images.amazon.com/images/P/0060976845.01.MZZZZZZZ.jpg
11521,Before I Say Good-Bye,Mary Higgins Clark,Pocket,2001,https://images.amazon.com/images/P/0671004573.01.MZZZZZZZ.jpg
11690,Slow Waltz in Cedar Bend,Robert James Waller,Warner Books,1994,https://images.amazon.com/images/P/0446601640.01.MZZZZZZZ.jpg
11770,Atonement : A Novel,IAN MCEWAN,Anchor,2003,https://images.amazon.com/images/P/038572179X.01.MZZZZZZZ.jpg
12114,Rebecca,Daphne Du Maurier,Avon,1994,https://images.amazon.com/images/P/0380778556.01.MZZZZZZZ.jpg
12266,Contact,Susan Grant,Love Spell,2002,https://images.amazon.com/images/P/0505524996.01.MZZZZZZZ.jpg
12402,Wish You Well,David Baldacci,Warner Books,2000,https://images.amazon.com/images/P/0446527165.01.MZZZZZZZ.jpg
12485,The Hitchhiker's Guide to the Galaxy,Douglas Adams,Pocket,1982,https://images.amazon.com/images/P/0671461494.01.MZZZZZZZ.jpg
12677,Bridget Jones's Diary,Helen Fielding,Picador (UK),1997,https://images.amazon.com/images/P/0330332775.01.MZZZZZZZ.jpg
12983,Fahrenheit 451,Ray Bradbury,Distribooks Inc,1994,https://images.amazon.com/images/P/3257208626.01.MZZZZZZZ.jpg
13096,The God of Small Things,Arundhati Roy,Perennial,1998,https://images.amazon.com/images/P/0060977493.01.MZZZZZZZ.jpg
13443,Four Blind Mice,James Patterson,"Little, Brown",2002,https://images.amazon.com/images/P/0316693006.01.MZZZZZZZ.jpg
13623,Congo,Michael Crichton,Ballantine Books,1995,https://images.amazon.com/images/P/0345378490.01.MZZZZZZZ.jpg
14065,Plainsong,KENT HARUF,Vintage,2000,https://images.amazon.com/images/P/0375705856.01.MZZZZZZZ.jpg
14222,Body of Evidence,Patricia D. Cornwell,Avon,1992,https://images.amazon.com/images/P/0380717018.01.MZZZZZZZ.jpg
14354,All That Remains,Patricia D. Cornwell,Avon,1993,https://images.amazon.com/images/P/0380718332.01.MZZZZZZZ.jpg
14616,The Brethren,JOHN GRISHAM,Doubleday,2000,https://images.amazon.com/images/P/0385497466.01.MZZZZZZZ.jpg
14758,The King of Torts,John Grisham,Doubleday Books,2003,https://images.amazon.com/images/P/0385508042.01.MZZZZZZZ.jpg
15050,Bleachers,John Grisham,Doubleday,2003,https://images.amazon.com/images/P/0385511612.01.MZZZZZZZ.jpg
15356,Roses Are Red,James Patterson,Warner Vision,2001,https://images.amazon.com/images/P/0446605484.01.MZZZZZZZ.jpg
15587,The Rescue,Nicholas Sparks,Warner Books,2001,https://images.amazon.com/images/P/0446610399.01.MZZZZZZZ.jpg
15967,Pet Sematary,Stephen King,Signet Book,1994,https://images.amazon.com/images/P/0451162072.01.MZZZZZZZ.jpg
16078,Girl with a Pearl Earring,Tracy Chevalier,Plume Books,2001,https://images.amazon.com/images/P/0452282152.01.MZZZZZZZ.jpg
16803,Deception Point,Dan Brown,Pocket,2002,https://images.amazon.com/images/P/0671027387.01.MZZZZZZZ.jpg
17047,Tis : A Memoir,Frank McCourt,Scribner,1999,https://images.amazon.com/images/P/0684848783.01.MZZZZZZZ.jpg
17408,Chicken Soup for the Soul,Jack Canfield,Health Communications,1993,https://images.amazon.com/images/P/155874262X.01.MZZZZZZZ.jpg
17612,Wicked: The Life and Times of the Wicked Witch of the West,Gregory Maguire,Regan Books,1996,https://images.amazon.com/images/P/0060987103.01.MZZZZZZZ.jpg
17938,Life of Pi,Yann Martel,Harcourt,2002,https://images.amazon.com/images/P/0151008116.01.MZZZZZZZ.jpg
18268,Secret History,DONNA TARTT,Ballantine Books,1993,https://images.amazon.com/images/P/0804111359.01.MZZZZZZZ.jpg
18434,Chicken Soup for the Woman's Soul,Jack Canfield,Health Communications,1996,https://images.amazon.com/images/P/1558744150.01.MZZZZZZZ.jpg
18912,The Amber Spyglass,PHILIP PULLMAN,Knopf Books for Young Readers,2002,https://images.amazon.com/images/P/0375823352.01.MZZZZZZZ.jpg
18921,The Golden Compass,PHILIP PULLMAN,Knopf Books for Young Readers,2002,https://images.amazon.com/images/P/037582345X.01.MZZZZZZZ.jpg
18938,The Subtle Knife,PHILIP PULLMAN,Knopf Books for Young Readers,2002,https://images.amazon.com/images/P/0375823468.01.MZZZZZZZ.jpg
19167,Animal Farm,George Orwell,Signet,2004,https://images.amazon.com/images/P/0451526341.01.MZZZZZZZ.jpg
19629,A Man in Full,Tom Wolfe,Farrar Straus &amp; Giroux,1998,https://images.amazon.com/images/P/0374270325.01.MZZZZZZZ.jpg
19834,A Painted House,John Grisham,Dell Publishing Company,2001,https://images.amazon.com/images/P/044023722X.01.MZZZZZZZ.jpg
20520,The Perfect Storm : A True Story of Men Against the Sea,Sebastian Junger,Perennial,1999,https://images.amazon.com/images/P/0060977477.01.MZZZZZZZ.jpg
20930,Vinegar Hill,A. Manette Ansay,Perennial,1998,https://images.amazon.com/images/P/0380730138.01.MZZZZZZZ.jpg
21289,The Hunt for Red October,Tom Clancy,Berkley Publishing Group,1990,https://images.amazon.com/images/P/0425120279.01.MZZZZZZZ.jpg
21614,The Secret Life of Bees,Sue Monk Kidd,Penguin Books,2003,https://images.amazon.com/images/P/0142001740.01.MZZZZZZZ.jpg
22236,Digital Fortress : A Thriller,Dan Brown,St. Martin's Press,2003,https://images.amazon.com/images/P/0312995423.01.MZZZZZZZ.jpg
22520,The Firm,John Grisham,Doubleday Books,1991,https://images.amazon.com/images/P/0385416342.01.MZZZZZZZ.jpg
22596,The Client,John Grisham,Doubleday Books,1993,https://images.amazon.com/images/P/038542471X.01.MZZZZZZZ.jpg
22783,Heart of the Sea,Nora Roberts,Jove Books,2000,https://images.amazon.com/images/P/0515128554.01.MZZZZZZZ.jpg
23219,The Little Prince,Antoine de Saint-ExupÃ©ry,Harcourt,1968,https://images.amazon.com/images/P/0156528207.01.MZZZZZZZ.jpg
23503,Moonlight Becomes You,Mary Higgins Clark,Pocket,1997,https://images.amazon.com/images/P/0671867113.01.MZZZZZZZ.jpg
24187,The Lovely Bones: A Novel,Alice Sebold,"Little, Brown",2002,https://images.amazon.com/images/P/0316666343.01.MZZZZZZZ.jpg
25488,Hannibal,Thomas Harris,Dell Publishing Company,2000,https://images.amazon.com/images/P/0440224675.01.MZZZZZZZ.jpg
25910,The Robber Bride,Margaret Atwood,Bantam,1995,https://images.amazon.com/images/P/0553569058.01.MZZZZZZZ.jpg
27406,A Widow for One Year,JOHN IRVING,Ballantine Books,1999,https://images.amazon.com/images/P/0345424719.01.MZZZZZZZ.jpg
27563,Empire Falls,Richard Russo,Vintage Books USA,2002,https://images.amazon.com/images/P/0375726403.01.MZZZZZZZ.jpg
27878,Oryx and Crake,Margaret Atwood,Nan A. Talese,2003,https://images.amazon.com/images/P/0385503857.01.MZZZZZZZ.jpg
27998,Black and Blue,ANNA QUINDLEN,Dell,1999,https://images.amazon.com/images/P/0440226104.01.MZZZZZZZ.jpg
28381,She's Come Undone,Wally Lamb,Pocket,1998,https://images.amazon.com/images/P/0671021001.01.MZZZZZZZ.jpg
28909,Nickel and Dimed: On Getting By in America,Barbara Ehrenreich,Owl Books,2002,https://images.amazon.com/images/P/0805063897.01.MZZZZZZZ.jpg
29379,Left Behind: A Novel of the Earth's Last Days,Tim Lahaye,Tyndale House Publishers,1996,https://images.amazon.com/images/P/0842329129.01.MZZZZZZZ.jpg
29806,The Diary of Ellen Rimbauer: My Life at Rose Red,Joyce Reardon,Hyperion,2001,https://images.amazon.com/images/P/0786868015.01.MZZZZZZZ.jpg
30044,The Bean Trees,Barbara Kingsolver,Perennial,1989,https://images.amazon.com/images/P/0060915544.01.MZZZZZZZ.jpg
30521,The Red Tent,Anita Diamant,Picador USA,1998,https://images.amazon.com/images/P/0312195516.01.MZZZZZZZ.jpg
31472,The Nanny Diaries: A Novel,Emma McLaughlin,St. Martin's Press,2002,https://images.amazon.com/images/P/0312278586.01.MZZZZZZZ.jpg
32056,Postmortem,Patricia Daniels Cornwell,Harper Mass Market Paperbacks (Mm),1993,https://images.amazon.com/images/P/0380710218.01.MZZZZZZZ.jpg
32397,While My Pretty One Sleeps,Mary Higgins Clark,Pocket,1990,https://images.amazon.com/images/P/0671673688.01.MZZZZZZZ.jpg
33039,Three Junes,JULIA GLASS,Anchor,2003,https://images.amazon.com/images/P/0385721420.01.MZZZZZZZ.jpg
33210,Back Roads,Tawni O'Dell,Signet Book,2001,https://images.amazon.com/images/P/0451202341.01.MZZZZZZZ.jpg
33351,In Her Shoes : A Novel,Jennifer Weiner,Atria Books,2002,https://images.amazon.com/images/P/0743418190.01.MZZZZZZZ.jpg
33405,The Kiss,Danielle Steel,Delacorte Press,2001,https://images.amazon.com/images/P/0385335407.01.MZZZZZZZ.jpg
33648,Strangers,Dean R. Koontz,Berkley Publishing Group,2002,https://images.amazon.com/images/P/0425181111.01.MZZZZZZZ.jpg
33845,A Thousand Acres,JANE SMILEY,Ballantine Books,1992,https://images.amazon.com/images/P/0449907481.01.MZZZZZZZ.jpg
34190,River's End,Nora Roberts,Jove Books,2003,https://images.amazon.com/images/P/0515127833.01.MZZZZZZZ.jpg
34590,The Chamber,John Grisham,Doubleday Books,1994,https://images.amazon.com/images/P/0385424728.01.MZZZZZZZ.jpg
34751,The Partner,John Grisham,Doubleday Books,1997,https://images.amazon.com/images/P/0385472951.01.MZZZZZZZ.jpg
34886,Chosen Prey,John Sandford,Berkley Publishing Group,2004,https://images.amazon.com/images/P/0425182878.01.MZZZZZZZ.jpg
35034,Guilty as Sin,TAMI HOAG,Bantam,1997,https://images.amazon.com/images/P/0553564528.01.MZZZZZZZ.jpg
35172,Night Sins,TAMI HOAG,Bantam,1995,https://images.amazon.com/images/P/055356451X.01.MZZZZZZZ.jpg
35602,The Vampire Lestat,ANNE RICE,Ballantine Books,1986,https://images.amazon.com/images/P/0345313860.01.MZZZZZZZ.jpg
35906,The Mummy or Ramses the Damned,Anne Rice,Ballantine Books,1991,https://images.amazon.com/images/P/0345369947.01.MZZZZZZZ.jpg
36163,Vanished,Danielle Steel,Delacorte Press,1993,https://images.amazon.com/images/P/0385306032.01.MZZZZZZZ.jpg
36574,Daisy Fay and the Miracle Man,Fannie Flagg,Warner Books,1992,https://images.amazon.com/images/P/0446394521.01.MZZZZZZZ.jpg
36753,Angela's Ashes: A Memoir,Frank McCourt,Scribner,1999,https://images.amazon.com/images/P/068484267X.01.MZZZZZZZ.jpg
36973,The Next Accident,LISA GARDNER,Bantam,2002,https://images.amazon.com/images/P/0553578693.01.MZZZZZZZ.jpg
37496,Fast Food Nation: The Dark Side of the All-American Meal,Eric Schlosser,Perennial,2002,https://images.amazon.com/images/P/0060938455.01.MZZZZZZZ.jpg
37910,Echoes,Maeve Binchy,Dell,1989,https://images.amazon.com/images/P/0440122090.01.MZZZZZZZ.jpg
38079,One for the Money,Janet Evanovich,HarperTorch,1995,https://images.amazon.com/images/P/0061009059.01.MZZZZZZZ.jpg
38590,Along Came a Spider,James Patterson,Warner Books,1993,https://images.amazon.com/images/P/0446364193.01.MZZZZZZZ.jpg
39582,Where the Heart Is,Billie Letts,Warner Books,1998,https://images.amazon.com/images/P/0446672211.01.MZZZZZZZ.jpg
40166,The Girls' Guide to Hunting and Fishing,Melissa Bank,Penguin Books,2000,https://images.amazon.com/images/P/0140293248.01.MZZZZZZZ.jpg
40564,Icy Sparks,Gwyn Hyman Rubio,Penguin Books,2001,https://images.amazon.com/images/P/0142000205.01.MZZZZZZZ.jpg
41271,The Da Vinci Code,Dan Brown,Doubleday,2003,https://images.amazon.com/images/P/0385504209.01.MZZZZZZZ.jpg
42260,A Map of the World,Jane Hamilton,Doubleday Books,1999,https://images.amazon.com/images/P/0385500769.01.MZZZZZZZ.jpg
42279,Bridget Jones : The Edge of Reason,Helen Fielding,Viking Books,2000,https://images.amazon.com/images/P/0670892963.01.MZZZZZZZ.jpg
42586,Big Trouble,Dave Barry,Berkley Publishing Group,2002,https://images.amazon.com/images/P/0425184129.01.MZZZZZZZ.jpg
42656,Snow Falling on Cedars,David Guterson,Harcourt,1994,https://images.amazon.com/images/P/0151001006.01.MZZZZZZZ.jpg
42687,Skipping Christmas,JOHN GRISHAM,Doubleday,2001,https://images.amazon.com/images/P/0385505833.01.MZZZZZZZ.jpg
42897,The Reader,Bernhard Schlink,Random House,1997,https://images.amazon.com/images/P/0679442790.01.MZZZZZZZ.jpg
43036,Daddy's Little Girl,Mary Higgins Clark,Simon &amp; Schuster,2002,https://images.amazon.com/images/P/0743206045.01.MZZZZZZZ.jpg
43209,If Only It Were True,Marc Levy,Atria,2000,https://images.amazon.com/images/P/0743406176.01.MZZZZZZZ.jpg
43284,Message in a Bottle,Nicholas Sparks,Warner Books,1998,https://images.amazon.com/images/P/0446523569.01.MZZZZZZZ.jpg
43488,The Guardian,Nicholas Sparks,Warner Books,2003,https://images.amazon.com/images/P/0446527793.01.MZZZZZZZ.jpg
43572,Nights in Rodanthe,Nicholas Sparks,Warner Books,2002,https://images.amazon.com/images/P/0446531332.01.MZZZZZZZ.jpg
43741,"Like Water for Chocolate: A Novel in Monthly Installments, With Recipes, Romances, and Home Remedies",Laura Esquivel,Doubleday Books,1992,https://images.amazon.com/images/P/0385420161.01.MZZZZZZZ.jpg
43880,The Two Towers,J.R.R. TOLKIEN,Del Rey,1986,https://images.amazon.com/images/P/0345339711.01.MZZZZZZZ.jpg
44116,The Villa,Nora Roberts,Putnam Publishing Group,2001,https://images.amazon.com/images/P/0399147128.01.MZZZZZZZ.jpg
44240,Suzanne's Diary for Nicholas,James Patterson,"Little, Brown",2001,https://images.amazon.com/images/P/0316969443.01.MZZZZZZZ.jpg
44436,2nd Chance,James Patterson,"Little, Brown",2002,https://images.amazon.com/images/P/0316693200.01.MZZZZZZZ.jpg
44700,The Bad Beginning,Lemony Snicket,HarperCollins,1999,https://images.amazon.com/images/P/0064407667.01.MZZZZZZZ.jpg
45226,Me Talk Pretty One Day,David Sedaris,Back Bay Books,2001,https://images.amazon.com/images/P/0316776963.01.MZZZZZZZ.jpg
45701,The Door to December,Dean R. Koontz,Signet Book,1994,https://images.amazon.com/images/P/0451181379.01.MZZZZZZZ.jpg
46419,Dreamcatcher,Stephen King,Scribner,2001,https://images.amazon.com/images/P/0743211383.01.MZZZZZZZ.jpg
46690,Smilla's Sense of Snow,Peter Hoeg,Island,1997,https://images.amazon.com/images/P/0440218535.01.MZZZZZZZ.jpg
47126,The Giver,LOIS LOWRY,Laure Leaf,1994,https://images.amazon.com/images/P/0440219078.01.MZZZZZZZ.jpg
47951,Ender's Game,Orson Scott Card,Tor Books,1992,https://images.amazon.com/images/P/0312853238.01.MZZZZZZZ.jpg
48187,A Time to Kill,JOHN GRISHAM,Dell,1992,https://images.amazon.com/images/P/0440211727.01.MZZZZZZZ.jpg
49043,Charming Billy,Alice McDermott,Delta,1999,https://images.amazon.com/images/P/038533334X.01.MZZZZZZZ.jpg
49238,No Safe Place,RICHARD NORTH PATTERSON,Ballantine Books,1999,https://images.amazon.com/images/P/0345404777.01.MZZZZZZZ.jpg
49341,Granny Dan,DANIELLE STEEL,"Random House, Inc.",2000,https://images.amazon.com/images/P/0440224829.01.MZZZZZZZ.jpg
49648,Wuthering Heights,EMILY BRONTE,Bantam,1983,https://images.amazon.com/images/P/0553212583.01.MZZZZZZZ.jpg
49788,Toxin,Robin Cook,Berkley Publishing Group,1999,https://images.amazon.com/images/P/0425166619.01.MZZZZZZZ.jpg
50017,Dark Paradise,TAMI HOAG,Bantam,1994,https://images.amazon.com/images/P/0553561618.01.MZZZZZZZ.jpg
50152,Middlesex: A Novel,Jeffrey Eugenides,Picador,2003,https://images.amazon.com/images/P/0312422156.01.MZZZZZZZ.jpg
50340,The Rainmaker,JOHN GRISHAM,Dell,1996,https://images.amazon.com/images/P/044022165X.01.MZZZZZZZ.jpg
50774,The Bad Place,Dean R. Koontz,Berkley Publishing Group,1994,https://images.amazon.com/images/P/0425124347.01.MZZZZZZZ.jpg
51172,The Phantom Tollbooth,Norton Juster,Yearling Books,1993,https://images.amazon.com/images/P/0394820371.01.MZZZZZZZ.jpg
51294,Dances With Wolves,Michael Blake,Fawcett Books,1990,https://images.amazon.com/images/P/0449134482.01.MZZZZZZZ.jpg
51458,The Princess Bride: S Morgenstern's Classic Tale of True Love and High Adventure,WILLIAM GOLDMAN,Del Rey,1987,https://images.amazon.com/images/P/0345348036.01.MZZZZZZZ.jpg
51715,Degree of Guilt,Richard North Patterson,Ballantine Books,1995,https://images.amazon.com/images/P/034538184X.01.MZZZZZZZ.jpg
52056,SHIPPING NEWS,Annie Proulx,Scribner,1994,https://images.amazon.com/images/P/0671510053.01.MZZZZZZZ.jpg
52452,The Smoke Jumper,Nicholas Evans,Delacorte Press,2001,https://images.amazon.com/images/P/0385334036.01.MZZZZZZZ.jpg
52649,Anne of Green Gables,L.M. MONTGOMERY,Bantam Classics,1982,https://images.amazon.com/images/P/055321313X.01.MZZZZZZZ.jpg
53015,Fall On Your Knees,Ann-Marie MacDonald,Touchstone,2002,https://images.amazon.com/images/P/0743237188.01.MZZZZZZZ.jpg
53523,The Carousel,Belva Plain,Dell,1998,https://images.amazon.com/images/P/0440216842.01.MZZZZZZZ.jpg
53567,While I Was Gone,Sue Miller,Ballantine Books,1999,https://images.amazon.com/images/P/0345443284.01.MZZZZZZZ.jpg
54496,The House of the Spirits,Isabel Allende,Bantam Books,1986,https://images.amazon.com/images/P/0553273914.01.MZZZZZZZ.jpg
54830,Divine Secrets of the Ya-Ya Sisterhood: A Novel,Rebecca Wells,Perennial,1997,https://images.amazon.com/images/P/0060928336.01.MZZZZZZZ.jpg
56048,STONES FROM THE RIVER,Ursula Hegi,Simon &amp; Schuster,1997,https://images.amazon.com/images/P/0684844729.01.MZZZZZZZ.jpg
56126,Dragonfly in Amber,DIANA GABALDON,Dell,1993,https://images.amazon.com/images/P/0440215625.01.MZZZZZZZ.jpg
56252,Naked,David Sedaris,Back Bay Books,1998,https://images.amazon.com/images/P/0316777730.01.MZZZZZZZ.jpg
56669,Kiss the Girls,James Patterson,Warner Books,1995,https://images.amazon.com/images/P/0446601241.01.MZZZZZZZ.jpg
56899,Different Seasons,Stephen King,Penguin Putnam~mass,1983,https://images.amazon.com/images/P/0451124340.01.MZZZZZZZ.jpg
56961,The Witching Hour,ANNE RICE,Ballantine Books,1993,https://images.amazon.com/images/P/0345384466.01.MZZZZZZZ.jpg
57205,Jack and Jill,James Patterson,Warner Books,1997,https://images.amazon.com/images/P/0446604801.01.MZZZZZZZ.jpg
58282,American Gods,Neil Gaiman,HarperTorch,2002,https://images.amazon.com/images/P/0380789035.01.MZZZZZZZ.jpg
58866,Red Dragon,Thomas Harris,Dell Publishing Company,2000,https://images.amazon.com/images/P/0440206154.01.MZZZZZZZ.jpg
59233,Jurassic Park,Michael Crichton,Ballantine Books,1999,https://images.amazon.com/images/P/0345370775.01.MZZZZZZZ.jpg
59777,Stanislaski Brothers,Nora Roberts,Silhouette,2000,https://images.amazon.com/images/P/0373484224.01.MZZZZZZZ.jpg
59908,Neverwhere,Neil Gaiman,Avon,1998,https://images.amazon.com/images/P/0380789019.01.MZZZZZZZ.jpg
60151,The Thorn Birds,Colleen McCullough,Avon,1978,https://images.amazon.com/images/P/0380018179.01.MZZZZZZZ.jpg
60379,"Forever... : A Novel of Good and Evil, Love and Hope",Jude Deveraux,Pocket,2002,https://images.amazon.com/images/P/067101420X.01.MZZZZZZZ.jpg
60670,Mother of Pearl,Melinda Haynes,Hyperion,1999,https://images.amazon.com/images/P/0786866276.01.MZZZZZZZ.jpg
61573,Choke,CHUCK PALAHNIUK,Anchor,2002,https://images.amazon.com/images/P/0385720920.01.MZZZZZZZ.jpg
61741,"Lamb : The Gospel According to Biff, Christ's Childhood Pal",Christopher Moore,Perennial,2003,https://images.amazon.com/images/P/0380813815.01.MZZZZZZZ.jpg
61897,Lake Wobegon Days,Garrison Keillor,Penguin/Puffin Mass Market (Mm),1990,https://images.amazon.com/images/P/0140099832.01.MZZZZZZZ.jpg
62311,The Color of Water: A Black Man's Tribute to His White Mother,James McBride,Riverhead Books,1997,https://images.amazon.com/images/P/1573225789.01.MZZZZZZZ.jpg
62581,Anne Frank: The Diary of a Young Girl,ANNE FRANK,Bantam,1993,https://images.amazon.com/images/P/0553296981.01.MZZZZZZZ.jpg
63041,Shopaholic Takes Manhattan,Sophie Kinsella,Delta,2002,https://images.amazon.com/images/P/0385335881.01.MZZZZZZZ.jpg
63241,Confessions of a Shopaholic,SOPHIE KINSELLA,Delta,2001,https://images.amazon.com/images/P/0385335482.01.MZZZZZZZ.jpg
63593,The Cider House Rules,John Irving,Bantam Books,1986,https://images.amazon.com/images/P/0553258001.01.MZZZZZZZ.jpg
64300,Good Omens,Neil Gaiman,Ace Books,1996,https://images.amazon.com/images/P/0441003257.01.MZZZZZZZ.jpg
65259,The Poisonwood Bible: A Novel,Barbara Kingsolver,Perennial,1999,https://images.amazon.com/images/P/0060930535.01.MZZZZZZZ.jpg
65754,A Lesson Before Dying,Ernest J. Gaines,Vintage Books USA,1997,https://images.amazon.com/images/P/0375702709.01.MZZZZZZZ.jpg
65986,Jewel,Bret Lott,Washington Square Press,1999,https://images.amazon.com/images/P/0671038184.01.MZZZZZZZ.jpg
66628,A Prayer for Owen Meany,John Irving,Ballantine Books,1990,https://images.amazon.com/images/P/0345361792.01.MZZZZZZZ.jpg
67129,Cold Sassy Tree,Olive Ann Burns,Delta,1986,https://images.amazon.com/images/P/038531258X.01.MZZZZZZZ.jpg
67317,The Shipping News : A Novel,Annie Proulx,Scribner,2001,https://images.amazon.com/images/P/0743225406.01.MZZZZZZZ.jpg
67569,The No. 1 Ladies' Detective Agency,Alexander McCall Smith,Anchor,2003,https://images.amazon.com/images/P/1400034779.01.MZZZZZZZ.jpg
68335,"Breath, Eyes, Memory",Edwidge Danticat,Vintage Books USA,1998,https://images.amazon.com/images/P/037570504X.01.MZZZZZZZ.jpg
69348,Songs in Ordinary Time,Mary McGarry Morris,Penguin Books,1996,https://images.amazon.com/images/P/0140244824.01.MZZZZZZZ.jpg
69992,Summer Sisters,Judy Blume,Delacorte Press,1998,https://images.amazon.com/images/P/0385324057.01.MZZZZZZZ.jpg
70553,At Home in Mitford,Jan Karon,Viking Books,1996,https://images.amazon.com/images/P/014025448X.01.MZZZZZZZ.jpg
70764,Bel Canto: A Novel,Ann Patchett,Perennial,2002,https://images.amazon.com/images/P/0060934417.01.MZZZZZZZ.jpg
71118,All Around the Town,Mary Higgins Clark,Pocket Star,1993,https://images.amazon.com/images/P/0671793489.01.MZZZZZZZ.jpg
71269,A Civil Action,JONATHAN HARR,Vintage,1996,https://images.amazon.com/images/P/0679772677.01.MZZZZZZZ.jpg
71401,Faking It,Jennifer Crusie,St. Martin's Paperbacks,2003,https://images.amazon.com/images/P/0312983824.01.MZZZZZZZ.jpg
71752,The Loop,Nicholas Evans,Dell Publishing Company,1999,https://images.amazon.com/images/P/0440224624.01.MZZZZZZZ.jpg
71930,Good in Bed,Jennifer Weiner,Washington Square Press,2002,https://images.amazon.com/images/P/0743418174.01.MZZZZZZZ.jpg
72693,We'll Meet Again,Mary Higgins Clark,Pocket,2000,https://images.amazon.com/images/P/0671004565.01.MZZZZZZZ.jpg
72841,How to Make an American Quilt,Whitney Otto,Ballantine Books,1992,https://images.amazon.com/images/P/0345370805.01.MZZZZZZZ.jpg
72983,Ellen Foster,Kaye Gibbons,Vintage Books,1997,https://images.amazon.com/images/P/0375703055.01.MZZZZZZZ.jpg
73376,The Hours : A Novel,Michael Cunningham,Picador,2000,https://images.amazon.com/images/P/0312243022.01.MZZZZZZZ.jpg
73740,Cold Mountain : A Novel,CHARLES FRAZIER,Vintage,1998,https://images.amazon.com/images/P/0375700757.01.MZZZZZZZ.jpg
74051,Fried Green Tomatoes at the Whistle Stop Cafe,Fannie Flagg,McGraw-Hill,1989,https://images.amazon.com/images/P/0070212570.01.MZZZZZZZ.jpg
74593,The Last Time They Met : A Novel,Anita Shreve,Back Bay Books,2002,https://images.amazon.com/images/P/0316781266.01.MZZZZZZZ.jpg
74828,The Green Mile,Stephen King,Pocket,1999,https://images.amazon.com/images/P/0671032658.01.MZZZZZZZ.jpg
75290,A Heartbreaking Work of Staggering Genius,Dave Eggers,Vintage Books USA,2001,https://images.amazon.com/images/P/0375725784.01.MZZZZZZZ.jpg
76158,The Fellowship of the Ring,J.R.R. TOLKIEN,Del Rey,1986,https://images.amazon.com/images/P/0345339703.01.MZZZZZZZ.jpg
76409,Watership Down,Richard George Adams,Harpercollins,1975,https://images.amazon.com/images/P/038039586X.01.MZZZZZZZ.jpg
76974,The Blue Nowhere : A Novel,Jeffery Deaver,Pocket,2002,https://images.amazon.com/images/P/0671042262.01.MZZZZZZZ.jpg
77110,Sudden Prey,John Sandford,Berkley Publishing Group,1997,https://images.amazon.com/images/P/0425157539.01.MZZZZZZZ.jpg
77471,A Year in Provence,Peter Mayle,Vintage Books USA,1991,https://images.amazon.com/images/P/0679731148.01.MZZZZZZZ.jpg
77886,When the Wind Blows,James Patterson,Replica Books,1998,https://images.amazon.com/images/P/0316693324.01.MZZZZZZZ.jpg
78962,I Capture the Castle,Dodie Smith,St. Martin's Griffin,2003,https://images.amazon.com/images/P/031231616X.01.MZZZZZZZ.jpg
79000,What to Expect When You're Expecting,Arlene Eisenberg,Workman Pub Co,1996,https://images.amazon.com/images/P/089480829X.01.MZZZZZZZ.jpg
79310,The Alchemist: A Fable About Following Your Dream,Paulo Coelho,HarperSanFrancisco,1993,https://images.amazon.com/images/P/0062502174.01.MZZZZZZZ.jpg
79350,Miss Julia Speaks Her Mind : A Novel,Ann B. Ross,Perennial,2000,https://images.amazon.com/images/P/0688177751.01.MZZZZZZZ.jpg
79471,Big Stone Gap: A Novel,Adriana Trigiani,Ballantine Books,2001,https://images.amazon.com/images/P/0345438329.01.MZZZZZZZ.jpg
80434,Black Notice,Patricia Daniels Cornwell,Putnam Pub Group,1999,https://images.amazon.com/images/P/0399145087.01.MZZZZZZZ.jpg
81229,Lord of the Flies,William Gerald Golding,Perigee Trade,1959,https://images.amazon.com/images/P/0399501487.01.MZZZZZZZ.jpg
82114,The Alienist,Caleb Carr,Bantam Books,1995,https://images.amazon.com/images/P/0553572997.01.MZZZZZZZ.jpg
82456,Notes from a Small Island,Bill Bryson,Perennial,1997,https://images.amazon.com/images/P/0380727501.01.MZZZZZZZ.jpg
82617,Harvest,BELVA PLAIN,Dell,1991,https://images.amazon.com/images/P/0440208912.01.MZZZZZZZ.jpg
82687,Engaging The Enemy,Nora Roberts,Silhouette,2003,https://images.amazon.com/images/P/0373218192.01.MZZZZZZZ.jpg
83060,Into Thin Air : A Personal Account of the Mt. Everest Disaster,JON KRAKAUER,Anchor,1999,https://images.amazon.com/images/P/0385494785.01.MZZZZZZZ.jpg
83087,Into the Wild,Jon Krakauer,Anchor,1997,https://images.amazon.com/images/P/0385486804.01.MZZZZZZZ.jpg
84410,Cause of Death,Patricia Daniels Cornwell,Berkley Publishing Group,1997,https://images.amazon.com/images/P/0425158616.01.MZZZZZZZ.jpg
84862,The Poisonwood Bible,Barbara Kingsolver,HarperCollins,1999,https://images.amazon.com/images/P/0060175400.01.MZZZZZZZ.jpg
85082,Waiting to Exhale,Terry McMillan,Pocket,1995,https://images.amazon.com/images/P/0671537458.01.MZZZZZZZ.jpg
85424,Chromosome 6,Robin Cook,Berkley Publishing Group,2000,https://images.amazon.com/images/P/0425161242.01.MZZZZZZZ.jpg
85557,Point of Origin,Patricia Daniels Cornwell,Berkley Publishing Group,1999,https://images.amazon.com/images/P/0425169863.01.MZZZZZZZ.jpg
85741,Rising Sun,MICHAEL CRICHTON,Ballantine Books,1992,https://images.amazon.com/images/P/0345380371.01.MZZZZZZZ.jpg
86109,Cradle and All,James Patterson,Little Brown and Company,2000,https://images.amazon.com/images/P/0316690619.01.MZZZZZZZ.jpg
86195,1st to Die: A Novel,James Patterson,Warner Vision,2002,https://images.amazon.com/images/P/0446610038.01.MZZZZZZZ.jpg
86711,Flesh and Blood,Jonathan Kellerman,Random House,2001,https://images.amazon.com/images/P/0679459626.01.MZZZZZZZ.jpg
88383,Everything's Eventual : 14 Dark Tales,Stephen King,Pocket,2002,https://images.amazon.com/images/P/0743457358.01.MZZZZZZZ.jpg
88885,Here on Earth,Alice Hoffman,Berkley Publishing Group,1998,https://images.amazon.com/images/P/0425167313.01.MZZZZZZZ.jpg
89135,The Lost World,Michael Crichton,Ballantine Books,1996,https://images.amazon.com/images/P/034540288X.01.MZZZZZZZ.jpg
89720,Absolute Power,David Baldacci,Warner Books,1996,https://images.amazon.com/images/P/0446519960.01.MZZZZZZZ.jpg
89924,White Oleander : A Novel,Janet Fitch,"Little, Brown",2001,https://images.amazon.com/images/P/0316182540.01.MZZZZZZZ.jpg
90280,CAT'S EYE,MARGARET ATWOOD,Bantam,1989,https://images.amazon.com/images/P/0553282476.01.MZZZZZZZ.jpg
90393,The Handmaid's Tale,Margaret Atwood,Fawcett Books,1989,https://images.amazon.com/images/P/0449212602.01.MZZZZZZZ.jpg
90787,The Murder Book,Jonathan Kellerman,Ballantine Books,2003,https://images.amazon.com/images/P/0345413903.01.MZZZZZZZ.jpg
91095,Body of Lies,IRIS JOHANSEN,Bantam,2003,https://images.amazon.com/images/P/0553582143.01.MZZZZZZZ.jpg
92347,Lightning,Dean R. Koontz,Berkley Publishing Group,1996,https://images.amazon.com/images/P/0425115801.01.MZZZZZZZ.jpg
92515,Hearts In Atlantis,Stephen King,Pocket,2000,https://images.amazon.com/images/P/0671024248.01.MZZZZZZZ.jpg
92695,Winter Moon,Dean R. Koontz,Bantam Books,2001,https://images.amazon.com/images/P/0553582933.01.MZZZZZZZ.jpg
92711,Mercy,Julie Garwood,Pocket,2002,https://images.amazon.com/images/P/0671034022.01.MZZZZZZZ.jpg
93060,The Simple Truth,David Baldacci,Warner Books,1999,https://images.amazon.com/images/P/0446607711.01.MZZZZZZZ.jpg
93785,Last Man Standing,David Baldacci,Warner Books,2001,https://images.amazon.com/images/P/0446525804.01.MZZZZZZZ.jpg
94366,1984,George Orwell,Signet Book,1990,https://images.amazon.com/images/P/0451524934.01.MZZZZZZZ.jpg
94865,The Mists of Avalon,MARION ZIMMER BRADLEY,Del Rey,1987,https://images.amazon.com/images/P/0345350499.01.MZZZZZZZ.jpg
95084,Hot Six : A Stephanie Plum Novel,Janet Evanovich,St. Martin's Paperbacks,2001,https://images.amazon.com/images/P/0312976275.01.MZZZZZZZ.jpg
95282,Jemima J: A Novel About Ugly Ducklings and Swans,Jane Green,Broadway Books,2001,https://images.amazon.com/images/P/0767905180.01.MZZZZZZZ.jpg
95484,Now You See Her,Linda Howard,Pocket Books,2003,https://images.amazon.com/images/P/0743482891.01.MZZZZZZZ.jpg
95605,Harry Potter and the Sorcerer's Stone,J. K. Rowling,Arthur A. Levine Books,1999,https://images.amazon.com/images/P/059035342X.01.MZZZZZZZ.jpg
96282,Sea Glass: A Novel,Anita Shreve,Back Bay Books,2003,https://images.amazon.com/images/P/0316089699.01.MZZZZZZZ.jpg
97063,Seven Habits Of Highly Effective People,Stephen R. Covey,Free Press,1990,https://images.amazon.com/images/P/0671708635.01.MZZZZZZZ.jpg
98334,The Andromeda Strain,MICHAEL CRICHTON,Ballantine Books,1992,https://images.amazon.com/images/P/0345378482.01.MZZZZZZZ.jpg
98473,"Loves Music, Loves to Dance",Mary Higgins Clark,Pocket,1992,https://images.amazon.com/images/P/0671758896.01.MZZZZZZZ.jpg
98743,Dolores Claiborne,Stephen King,Signet Book,2004,https://images.amazon.com/images/P/0451177096.01.MZZZZZZZ.jpg
99535,Clear and Present Danger,Tom Clancy,Berkley Publishing Group,1996,https://images.amazon.com/images/P/0425122123.01.MZZZZZZZ.jpg
99767,"Tuesdays with Morrie: An Old Man, a Young Man, and Life's Greatest Lesson",MITCH ALBOM,Doubleday,1997,https://images.amazon.com/images/P/0385484518.01.MZZZZZZZ.jpg
100342,Tell No One,Harlan Coben,Dell Publishing Company,2002,https://images.amazon.com/images/P/0440236703.01.MZZZZZZZ.jpg
101379,The Sum of All Fears,Tom Clancy,Berkley Publishing Group,1996,https://images.amazon.com/images/P/0425133540.01.MZZZZZZZ.jpg
101684,WLD ACCORDNG GARP,John Irving,Pocket,1979,https://images.amazon.com/images/P/0671822209.01.MZZZZZZZ.jpg
101826,The First Counsel,Brad Meltzer,Warner Books,2001,https://images.amazon.com/images/P/0446527289.01.MZZZZZZZ.jpg
102315,Mystic River,Dennis Lehane,HarperTorch,2002,https://images.amazon.com/images/P/0380731851.01.MZZZZZZZ.jpg
103057,The Jester,James Patterson,"Little, Brown",2003,https://images.amazon.com/images/P/0316602051.01.MZZZZZZZ.jpg
103276,Watermelon,Marian Keyes,Avon,1999,https://images.amazon.com/images/P/0380796090.01.MZZZZZZZ.jpg
103325,Sick Puppy,Carl Hiaasen,Warner Vision,2001,https://images.amazon.com/images/P/0446604666.01.MZZZZZZZ.jpg
103677,Fear Nothing,DEAN KOONTZ,Bantam,1998,https://images.amazon.com/images/P/0553579754.01.MZZZZZZZ.jpg
103923,J Is for Judgment,Sue Grafton,Fawcett Books,1999,https://images.amazon.com/images/P/0449221482.01.MZZZZZZZ.jpg
104183,A Is for Alibi,SUE GRAFTON,Bantam,1987,https://images.amazon.com/images/P/0553279912.01.MZZZZZZZ.jpg
104473,Sphere,MICHAEL CRICHTON,Ballantine Books,1988,https://images.amazon.com/images/P/0345353145.01.MZZZZZZZ.jpg
105054,The Pelican Brief,John Grisham,Dell,1993,https://images.amazon.com/images/P/0440214041.01.MZZZZZZZ.jpg
106012,Bridget Jones: The Edge of Reason,Helen Fielding,Penguin Books,2001,https://images.amazon.com/images/P/0140298479.01.MZZZZZZZ.jpg
106348,Don't Stand Too Close to a Naked Man,Tim Allen,Hyperion,1995,https://images.amazon.com/images/P/0786889020.01.MZZZZZZZ.jpg
106580,Interview with the Vampire,Anne Rice,Ballantine Books,1993,https://images.amazon.com/images/P/0345337662.01.MZZZZZZZ.jpg
107087,The Queen of the Damned,Anne Rice,Ballantine Books,1993,https://images.amazon.com/images/P/0345351525.01.MZZZZZZZ.jpg
107391,O is for Outlaw,SUE GRAFTON,Ballantine Books,2001,https://images.amazon.com/images/P/0449003787.01.MZZZZZZZ.jpg
107605,The Book of Ruth,Jane Hamilton,Anchor,1990,https://images.amazon.com/images/P/0385265700.01.MZZZZZZZ.jpg
107966,How to Be Good,Nick Hornby,Riverhead Books,2002,https://images.amazon.com/images/P/1573229326.01.MZZZZZZZ.jpg
108391,The Color Purple,Alice Walker,Pocket Books,1985,https://images.amazon.com/images/P/0671617028.01.MZZZZZZZ.jpg
108538,Mirror Image,Danielle Steel,Dell Publishing Company,1999,https://images.amazon.com/images/P/0440224772.01.MZZZZZZZ.jpg
108891,The Notebook,Nicholas Sparks,Warner Books,1998,https://images.amazon.com/images/P/0446605239.01.MZZZZZZZ.jpg
109356,Carnal Innocence,Nora Roberts,Bantam Books,1992,https://images.amazon.com/images/P/0553295977.01.MZZZZZZZ.jpg
110060,You Belong To Me,Mary Higgins Clark,Pocket Books,1999,https://images.amazon.com/images/P/0671004549.01.MZZZZZZZ.jpg
110299,Peace Like a River,Leif Enger,Grove Press,2002,https://images.amazon.com/images/P/0802139256.01.MZZZZZZZ.jpg
110491,Cry Wolf,TAMI HOAG,Bantam,1993,https://images.amazon.com/images/P/055356160X.01.MZZZZZZZ.jpg
111444,Montana Sky,Nora Roberts,Jove Books,2000,https://images.amazon.com/images/P/0515120618.01.MZZZZZZZ.jpg
112787,Carolina Moon,Nora Roberts,Jove Books,2001,https://images.amazon.com/images/P/0515130389.01.MZZZZZZZ.jpg
113203,Three Fates,Nora Roberts,Jove Books,2004,https://images.amazon.com/images/P/0515135062.01.MZZZZZZZ.jpg
113390,Pay It Forward,Catherine Ryan Hyde,Pocket,2000,https://images.amazon.com/images/P/0743412028.01.MZZZZZZZ.jpg
113696,Bastard Out of Carolina,Dorothy Allison,Plume Books,1993,https://images.amazon.com/images/P/0452269571.01.MZZZZZZZ.jpg
113823,Face the Fire,Nora Roberts,Jove Books,2002,https://images.amazon.com/images/P/051513287X.01.MZZZZZZZ.jpg
114395,Stupid White Men ...and Other Sorry Excuses for the State of the Nation!,Michael Moore,Regan Books,2002,https://images.amazon.com/images/P/0060392452.01.MZZZZZZZ.jpg
114976,"Dude, Where's My Country?",Michael Moore,Warner Books,2003,https://images.amazon.com/images/P/0446532231.01.MZZZZZZZ.jpg
115575,Homecoming,Cynthia Voigt,Fawcett Books,1990,https://images.amazon.com/images/P/0449702545.01.MZZZZZZZ.jpg
116052,Phantoms,Dean R. Koontz,Berkley Publishing Group,1996,https://images.amazon.com/images/P/0425101452.01.MZZZZZZZ.jpg
116242,ANGELA'S ASHES,Frank McCourt,Scribner,1996,https://images.amazon.com/images/P/0684874350.01.MZZZZZZZ.jpg
116515,Violets Are Blue,James Patterson,Warner Vision,2002,https://images.amazon.com/images/P/0446611212.01.MZZZZZZZ.jpg
116766,The Dogs of Babel,Carolyn Parkhurst,"Little, Brown",2003,https://images.amazon.com/images/P/0316168688.01.MZZZZZZZ.jpg
116945,Contagion,Robin Cook,Berkley Publishing Group,1998,https://images.amazon.com/images/P/0425155943.01.MZZZZZZZ.jpg
117347,The Tale of the Body Thief,Anne Rice,Ballantine Books,1993,https://images.amazon.com/images/P/034538475X.01.MZZZZZZZ.jpg
117887,Cruel and Unusual,Patricia D. Cornwell,Avon,1994,https://images.amazon.com/images/P/0380718340.01.MZZZZZZZ.jpg
118081,Misery,Stephen King,New Amer Library,1988,https://images.amazon.com/images/P/0451153553.01.MZZZZZZZ.jpg
118193,The Eyre Affair: A Novel,Jasper Fforde,Penguin Books,2003,https://images.amazon.com/images/P/0142001805.01.MZZZZZZZ.jpg
118488,The Body Farm,Patricia Daniels Cornwell,Berkley Publishing Group,1995,https://images.amazon.com/images/P/0425147622.01.MZZZZZZZ.jpg
118712,Mortal Fear,Greg Iles,Signet Book,1998,https://images.amazon.com/images/P/0451180410.01.MZZZZZZZ.jpg
118976,By the Light of the Moon,DEAN KOONTZ,Bantam,2003,https://images.amazon.com/images/P/0553582763.01.MZZZZZZZ.jpg
119064,Watchers,Dean R. Koontz,Berkley Publishing Group,2003,https://images.amazon.com/images/P/0425188809.01.MZZZZZZZ.jpg
119138,Intensity,DEAN KOONTZ,Ballantine Books,1996,https://images.amazon.com/images/P/0345384369.01.MZZZZZZZ.jpg
119260,Dark Rivers of the Heart,Dean R. Koontz,Ballantine Books,1995,https://images.amazon.com/images/P/034539657X.01.MZZZZZZZ.jpg
119412,Mr. Murder,Dean R. Koontz,Berkley Publishing Group,1996,https://images.amazon.com/images/P/0425144429.01.MZZZZZZZ.jpg
119545,The Hours: A Novel,Michael Cunningham,Picador,2002,https://images.amazon.com/images/P/0312305060.01.MZZZZZZZ.jpg
119900,A Day Late and a Dollar Short,Terry McMillan,Signet Book,2002,https://images.amazon.com/images/P/0451204948.01.MZZZZZZZ.jpg
120046,Rainbow Six,Tom Clancy,Putnam Publishing Group,1998,https://images.amazon.com/images/P/0399144137.01.MZZZZZZZ.jpg
120166,The Bonesetter's Daughter,Amy Tan,Putnam Publishing Group,2001,https://images.amazon.com/images/P/0399146431.01.MZZZZZZZ.jpg
120439,The Hundred Secret Senses,Amy Tan,Putnam Pub Group,1995,https://images.amazon.com/images/P/0399141146.01.MZZZZZZZ.jpg
120520,Midwives: A Novel,Chris Bohjalian,Vintage,1998,https://images.amazon.com/images/P/0375706771.01.MZZZZZZZ.jpg
121015,Song of Solomon,Toni Morrison,Plume Books,1987,https://images.amazon.com/images/P/0452260116.01.MZZZZZZZ.jpg
121775,I Know This Much Is True,Wally Lamb,Regan Books,1999,https://images.amazon.com/images/P/0060987561.01.MZZZZZZZ.jpg
122047,To the Nines: A Stephanie Plum Novel,Janet Evanovich,St. Martin's Press,2003,https://images.amazon.com/images/P/0312265867.01.MZZZZZZZ.jpg
122576,The Witness,Sandra Brown,Warner Books,1996,https://images.amazon.com/images/P/0446603309.01.MZZZZZZZ.jpg
122654,Don't Sweat the Small Stuff and It's All Small Stuff : Simple Ways to Keep the Little Things from Taking Over Your Life,Richard Carlson,Hyperion,1997,https://images.amazon.com/images/P/0786881852.01.MZZZZZZZ.jpg
123301,Call of the Wild,Jack London,Selldowns/no More Orders,0,https://images.amazon.com/images/P/1559029838.01.MZZZZZZZ.jpg
123620,"Girl, Interrupted",SUSANNA KAYSEN,Vintage,1994,https://images.amazon.com/images/P/0679746048.01.MZZZZZZZ.jpg
124051,Whispers,BELVA PLAIN,Dell,1994,https://images.amazon.com/images/P/0440216745.01.MZZZZZZZ.jpg
124135,Four To Score,Janet Evanovich,St. Martin's Paperbacks,1999,https://images.amazon.com/images/P/0312966970.01.MZZZZZZZ.jpg
124638,Rising Tides,Nora Roberts,Jove Books,2001,https://images.amazon.com/images/P/051512317X.01.MZZZZZZZ.jpg
125363,High Five,Janet Evanovich,St. Martin's Paperbacks,2000,https://images.amazon.com/images/P/0312971346.01.MZZZZZZZ.jpg
125747,Five Quarters of the Orange,Joanne Harris,Perennial,2002,https://images.amazon.com/images/P/0060958022.01.MZZZZZZZ.jpg
125897,"Like Water for Chocolate: A Novel in Monthly Installments With Recipes, Romances and Home Remedies",Laura Esquivel,Anchor Books/Doubleday,1994,https://images.amazon.com/images/P/0385474016.01.MZZZZZZZ.jpg
126640,"A Child Called \It\"": One Child's Courage to Survive""",Dave Pelzer,Health Communications,1995,https://images.amazon.com/images/P/1558743669.01.MZZZZZZZ.jpg
127082,Final Target,Iris Johansen,Bantam Books,2002,https://images.amazon.com/images/P/0553582135.01.MZZZZZZZ.jpg
128228,Tribulation Force: The Continuing Drama of Those Left Behind,Tim LaHaye,Tyndale House Publishers,1997,https://images.amazon.com/images/P/0842329218.01.MZZZZZZZ.jpg
128517,The Runaway Jury,JOHN GRISHAM,Dell,1997,https://images.amazon.com/images/P/0440221471.01.MZZZZZZZ.jpg
129059,Without Remorse,Tom Clancy,Berkley Publishing Group,2004,https://images.amazon.com/images/P/0425143325.01.MZZZZZZZ.jpg
129430,The Woman Next Door,Barbara Delinsky,Pocket,2002,https://images.amazon.com/images/P/0743411250.01.MZZZZZZZ.jpg
129708,The Divine Secrets of the Ya-Ya Sisterhood: A Novel,Rebecca Wells,HarperTorch,2002,https://images.amazon.com/images/P/0060502258.01.MZZZZZZZ.jpg
130493,The Hobbit : The Enchanting Prelude to The Lord of the Rings,J.R.R. TOLKIEN,Del Rey,1986,https://images.amazon.com/images/P/0345339681.01.MZZZZZZZ.jpg
131217,Tales of a Fourth Grade Nothing,JUDY BLUME,Yearling,1976,https://images.amazon.com/images/P/044048474X.01.MZZZZZZZ.jpg
132095,The Clinic,Jonathan Kellerman,Bantam Books,1999,https://images.amazon.com/images/P/055357230X.01.MZZZZZZZ.jpg
132195,Hornet's Nest,Patricia Daniels Cornwell,Putnam Publishing Group,1997,https://images.amazon.com/images/P/0399142282.01.MZZZZZZZ.jpg
132527,The Temple of My Familiar,Alice Walker,Pocket,1990,https://images.amazon.com/images/P/0671683993.01.MZZZZZZZ.jpg
132780,Harry Potter and the Chamber of Secrets,J. K. Rowling,Scholastic,2000,https://images.amazon.com/images/P/0439064872.01.MZZZZZZZ.jpg
134061,Love in the Time of Cholera,Gabriel Garcia Marquez,Penguin Books,1994,https://images.amazon.com/images/P/0140119906.01.MZZZZZZZ.jpg
134819,It,Stephen King,Trafalgar Square,0,https://images.amazon.com/images/P/0450411435.01.MZZZZZZZ.jpg
135052,Ashes to Ashes,TAMI HOAG,Bantam,2000,https://images.amazon.com/images/P/0553579606.01.MZZZZZZZ.jpg
135669,Insomnia,Stephen King,Viking Books,1994,https://images.amazon.com/images/P/0670855030.01.MZZZZZZZ.jpg
135818,Stillwatch,MARY HIGGINS CLARK,Dell,1986,https://images.amazon.com/images/P/0440183057.01.MZZZZZZZ.jpg
136085,Tis: A Memoir,Frank McCourt,Simon &amp; Schuster,2000,https://images.amazon.com/images/P/0743200985.01.MZZZZZZZ.jpg
136095,Midnight,Dean R. Koontz,Berkley Publishing Group,1995,https://images.amazon.com/images/P/0425118703.01.MZZZZZZZ.jpg
136417,Unnatural Exposure,Cornwell Patricia,Little Brown Company,0,https://images.amazon.com/images/P/0316639842.01.MZZZZZZZ.jpg
136813,Slammerkin,Emma Donoghue,Harcourt,2001,https://images.amazon.com/images/P/0151006725.01.MZZZZZZZ.jpg
136968,The Plains of Passage,JEAN M. AUEL,Bantam,1991,https://images.amazon.com/images/P/0553289411.01.MZZZZZZZ.jpg
137854,The Surgeon,TESS GERRITSEN,Ballantine Books,2002,https://images.amazon.com/images/P/0345447840.01.MZZZZZZZ.jpg
138354,Presumed Innocent,Scott Turow,Warner Books,1989,https://images.amazon.com/images/P/0446359866.01.MZZZZZZZ.jpg
138949,Anne of Avonlea,L.M. MONTGOMERY,Bantam Classics,1984,https://images.amazon.com/images/P/0553213148.01.MZZZZZZZ.jpg
139133,It Was on Fire When I Lay Down on It,Robert Fulghum,Random House Inc,1989,https://images.amazon.com/images/P/0394580567.01.MZZZZZZZ.jpg
139249,Pleading Guilty,Scott Turow,Warner Books,1994,https://images.amazon.com/images/P/0446365505.01.MZZZZZZZ.jpg
139373,Politically Correct Bedtime Stories: Modern Tales for Our Life and Times,James Finn Garner,John Wiley &amp; Sons Inc,1994,https://images.amazon.com/images/P/002542730X.01.MZZZZZZZ.jpg
139612,4 Blondes,Candace Bushnell,Signet Book,2002,https://images.amazon.com/images/P/0451203895.01.MZZZZZZZ.jpg
139790,Night,Elie Wiesel,Bantam Books,1982,https://images.amazon.com/images/P/0553272535.01.MZZZZZZZ.jpg
140171,The Secret Garden,Frances Hodgson Burnett,Tor Books,1989,https://images.amazon.com/images/P/0812505018.01.MZZZZZZZ.jpg
141075,Black House,Stephen King,Random House Trade,2001,https://images.amazon.com/images/P/0375504397.01.MZZZZZZZ.jpg
141173,Falling Angels,Tracy Chevalier,Plume Books,2002,https://images.amazon.com/images/P/0452283205.01.MZZZZZZZ.jpg
141536,Christine,Stephen King,New Amer Library,1983,https://images.amazon.com/images/P/0451139739.01.MZZZZZZZ.jpg
141721,The Valley of Horses,JEAN M. AUEL,Bantam,1984,https://images.amazon.com/images/P/0553250531.01.MZZZZZZZ.jpg
142291,Desperation,Stephen King,Signet Book,1997,https://images.amazon.com/images/P/0451188462.01.MZZZZZZZ.jpg
142493,Harry Potter and the Prisoner of Azkaban,J. K. Rowling,Scholastic,1999,https://images.amazon.com/images/P/0439136350.01.MZZZZZZZ.jpg
142868,Charlotte's Web,E. B. White,HarperTrophy,1974,https://images.amazon.com/images/P/0064400557.01.MZZZZZZZ.jpg
143308,Primary Colors: A Novel of Politics,Anonymous,Random House Inc,1996,https://images.amazon.com/images/P/0679448594.01.MZZZZZZZ.jpg
143385,The Lottery Winner : Alvirah And Willy Stories,Mary Higgins Clark,Pocket,1995,https://images.amazon.com/images/P/0671867172.01.MZZZZZZZ.jpg
143774,The Gift,DANIELLE STEEL,Dell,1996,https://images.amazon.com/images/P/0440221315.01.MZZZZZZZ.jpg
143909,A Bend in the Road,Nicholas Sparks,Warner Books,2001,https://images.amazon.com/images/P/0446527785.01.MZZZZZZZ.jpg
144034,The Great Gatsby,F. Scott Fitzgerald,Lb May &amp; Assoc Inc,1999,https://images.amazon.com/images/P/185326041X.01.MZZZZZZZ.jpg
144604,Lucky : A Memoir,Alice Sebold,Back Bay Books,2002,https://images.amazon.com/images/P/0316096199.01.MZZZZZZZ.jpg
145395,Bittersweet,DANIELLE STEEL,Dell,2000,https://images.amazon.com/images/P/0440224845.01.MZZZZZZZ.jpg
145582,Weep No More My Lady,Mary Higgins Clark,Dell,1993,https://images.amazon.com/images/P/0440200989.01.MZZZZZZZ.jpg
145674,Let Me Call You Sweetheart,Mary Higgins Clark,Pocket,1996,https://images.amazon.com/images/P/0671568175.01.MZZZZZZZ.jpg
145808,K Is for Killer,Sue Grafton,Fawcett Books,1999,https://images.amazon.com/images/P/0449221504.01.MZZZZZZZ.jpg
145979,Unspeakable,Sandra Brown,Warner Books,1999,https://images.amazon.com/images/P/0446607193.01.MZZZZZZZ.jpg
146149,Irish Hearts,Nora Roberts,Silhouette,2000,https://images.amazon.com/images/P/0373484003.01.MZZZZZZZ.jpg
146656,Circle of Friends,Maeve Binchy,Dell,1991,https://images.amazon.com/images/P/0440211263.01.MZZZZZZZ.jpg
146886,The Bourne Identity,Robert Ludlum,Bantam Books,1984,https://images.amazon.com/images/P/0553260111.01.MZZZZZZZ.jpg
147299,Under the Tuscan Sun,Frances Mayes,Broadway,1997,https://images.amazon.com/images/P/0767900383.01.MZZZZZZZ.jpg
147913,Heartbreaker,Julie Garwood,Pocket,2001,https://images.amazon.com/images/P/0671034006.01.MZZZZZZZ.jpg
147986,The Cardinal of the Kremlin,Tom Clancy,Berkley Publishing Group,1989,https://images.amazon.com/images/P/0425116840.01.MZZZZZZZ.jpg
148785,Southern Cross,Patricia Daniels Cornwell,Putnam Pub Group,1999,https://images.amazon.com/images/P/039914465X.01.MZZZZZZZ.jpg
148873,Bag of Bones,Stephen King,Pocket,1999,https://images.amazon.com/images/P/067102423X.01.MZZZZZZZ.jpg
149511,Brave New World,Aldous Huxley,Harpercollins,1989,https://images.amazon.com/images/P/0060809833.01.MZZZZZZZ.jpg
149751,The Prince of Tides,Pat Conroy,Bantam Books,1987,https://images.amazon.com/images/P/0553268880.01.MZZZZZZZ.jpg
150040,The Honk and Holler Opening Soon,Billie Letts,Warner Books,1998,https://images.amazon.com/images/P/0446521582.01.MZZZZZZZ.jpg
150731,Shopaholic Ties the Knot,Sophie Kinsella,Delta,2003,https://images.amazon.com/images/P/0385336179.01.MZZZZZZZ.jpg
151093,One Door Away from Heaven,Dean R. Koontz,Bantam Books,2002,https://images.amazon.com/images/P/0553582755.01.MZZZZZZZ.jpg
151503,The Bridges of Madison County,Robert James Waller,Warner Books,1992,https://images.amazon.com/images/P/044651652X.01.MZZZZZZZ.jpg
152365,The Return of the King,J.R.R. TOLKIEN,Del Rey,1986,https://images.amazon.com/images/P/0345339738.01.MZZZZZZZ.jpg
152744,Ladder of Years,Anne Tyler,Random House Inc,1995,https://images.amazon.com/images/P/0679441557.01.MZZZZZZZ.jpg
152987,High Fidelity,Nick Hornby,Riverhead Books,1996,https://images.amazon.com/images/P/1573225517.01.MZZZZZZZ.jpg
153847,Prodigal Summer,Barbara Kingsolver,HarperCollins,2000,https://images.amazon.com/images/P/0060199652.01.MZZZZZZZ.jpg
154797,Confessions of an Ugly Stepsister : A Novel,Gregory Maguire,Regan Books,2000,https://images.amazon.com/images/P/0060987529.01.MZZZZZZZ.jpg
155383,Zen and the Art of Motorcycle Maintenance: An Inquiry into Values,ROBERT PIRSIG,Bantam,1984,https://images.amazon.com/images/P/0553277472.01.MZZZZZZZ.jpg
156078,The Accidental Tourist,Anne Tyler,Berkley Publishing Group,1998,https://images.amazon.com/images/P/0425161617.01.MZZZZZZZ.jpg
156126,Dying for Chocolate,DIANE MOTT DAVIDSON,Bantam,1993,https://images.amazon.com/images/P/0553560247.01.MZZZZZZZ.jpg
156997,The Reef,Nora Roberts,Jove Books,1999,https://images.amazon.com/images/P/051512608X.01.MZZZZZZZ.jpg
157413,Prime Cut,Diane Mott Davidson,Bantam Books,2000,https://images.amazon.com/images/P/0553574671.01.MZZZZZZZ.jpg
157859,House of Sand and Fog,Andre Dubus III,Vintage Books,2000,https://images.amazon.com/images/P/0375727345.01.MZZZZZZZ.jpg
158427,Saving Faith,David Baldacci,Warner Vision,2000,https://images.amazon.com/images/P/0446608890.01.MZZZZZZZ.jpg
158891,The Mulberry Tree,Jude Deveraux,Pocket,2003,https://images.amazon.com/images/P/0743437640.01.MZZZZZZZ.jpg
159333,White Teeth: A Novel,Zadie Smith,Vintage Books USA,2001,https://images.amazon.com/images/P/0375703861.01.MZZZZZZZ.jpg
159846,Sophie's World: A Novel About the History of Philosophy,Jostein Gaarder,Berkley Publishing Group,1996,https://images.amazon.com/images/P/0425152251.01.MZZZZZZZ.jpg
160063,Silence of the Lambs,Thomas Harris,St. Martin's Press,1991,https://images.amazon.com/images/P/0312924585.01.MZZZZZZZ.jpg
160310,The Hot Zone,Richard Preston,Anchor,1995,https://images.amazon.com/images/P/0385479565.01.MZZZZZZZ.jpg
161259,The Rapture of Canaan,Sheri Reynolds,Berkley Publishing Group,1997,https://images.amazon.com/images/P/0425162443.01.MZZZZZZZ.jpg
161620,Heaven and Earth,Nora Roberts,Jove Books,2003,https://images.amazon.com/images/P/0515132020.01.MZZZZZZZ.jpg
161839,Dance upon the Air,Nora Roberts,Jove Books,2003,https://images.amazon.com/images/P/0515131229.01.MZZZZZZZ.jpg
162632,What Looks Like Crazy On An Ordinary Day,Pearl Cleage,Perennial,1998,https://images.amazon.com/images/P/038079487X.01.MZZZZZZZ.jpg
162842,Angela's Ashes : A Memoir,Frank McCourt,Scribner,1999,https://images.amazon.com/images/P/0684872153.01.MZZZZZZZ.jpg
163624,Nerd in Shining Armor,Vicki Lewis Thompson,Dell Publishing Company,2003,https://images.amazon.com/images/P/0440241162.01.MZZZZZZZ.jpg
164489,Range of Motion,Elizabeth Berg,Jove Books,1996,https://images.amazon.com/images/P/0515119784.01.MZZZZZZZ.jpg
164720,The Reptile Room,Lemony Snicket,HarperCollins,1999,https://images.amazon.com/images/P/0064407675.01.MZZZZZZZ.jpg
164930,Coraline,Neil Gaiman,HarperCollins,2002,https://images.amazon.com/images/P/0380977788.01.MZZZZZZZ.jpg
165048,Guilty Pleasures,Laurell K. Hamilton,Ace Books,1995,https://images.amazon.com/images/P/0441304834.01.MZZZZZZZ.jpg
165228,Long After Midnight,IRIS JOHANSEN,Bantam,1997,https://images.amazon.com/images/P/0553571818.01.MZZZZZZZ.jpg
165787,Disclosure,Michael Crichton,Ballantine Books,1994,https://images.amazon.com/images/P/0345391055.01.MZZZZZZZ.jpg
166129,The Idiot Girls' Action Adventure Club,Laurie Notaro,Villard Books,2002,https://images.amazon.com/images/P/0375760911.01.MZZZZZZZ.jpg
168376,How Stella Got Her Groove Back,Terry McMillan,Signet Book,1998,https://images.amazon.com/images/P/0451197410.01.MZZZZZZZ.jpg
168438,The Pilot's Wife : A Novel,Anita Shreve,Back Bay Books,1999,https://images.amazon.com/images/P/0316601950.01.MZZZZZZZ.jpg
170211,About a Boy,Nick Hornby,Riverhead Books,1999,https://images.amazon.com/images/P/1573227331.01.MZZZZZZZ.jpg
170345,A Patchwork Planet,ANNE TYLER,Ballantine Books,2001,https://images.amazon.com/images/P/080411918X.01.MZZZZZZZ.jpg
170449,Dangerous,Amanda Quick,Bantam,1993,https://images.amazon.com/images/P/0553293176.01.MZZZZZZZ.jpg
170505,Outlander,DIANA GABALDON,Dell,1996,https://images.amazon.com/images/P/0440222915.01.MZZZZZZZ.jpg
171283,Blessings,ANNA QUINDLEN,Random House,2002,https://images.amazon.com/images/P/0375502238.01.MZZZZZZZ.jpg
171428,Shell Seekers,Rosamunde Pilcher,Dell,1996,https://images.amazon.com/images/P/0440202043.01.MZZZZZZZ.jpg
171635,A Case of Need,Michael Crichton,Signet Book,1994,https://images.amazon.com/images/P/0451183665.01.MZZZZZZZ.jpg
172282,Death du Jour,Kathy Reichs,Scribner,1999,https://images.amazon.com/images/P/0684841185.01.MZZZZZZZ.jpg
172386,Pop Goes the Weasel,James Patterson,Replica Books,1999,https://images.amazon.com/images/P/0316693286.01.MZZZZZZZ.jpg
172610,Last Chance Saloon,Marian Keyes,Perennial,2003,https://images.amazon.com/images/P/0060086246.01.MZZZZZZZ.jpg
172915,The Devil Wears Prada : A Novel,LAUREN WEISBERGER,Doubleday,2003,https://images.amazon.com/images/P/038550926X.01.MZZZZZZZ.jpg
173225,On the Street Where You Live,Mary Higgins Clark,Pocket,2002,https://images.amazon.com/images/P/0671004530.01.MZZZZZZZ.jpg
174762,Winter Solstice,Rosamunde Pilcher,Thomas Dunne Books,2000,https://images.amazon.com/images/P/0312244266.01.MZZZZZZZ.jpg
175326,We Were the Mulvaneys,Joyce Carol Oates,Plume,1996,https://images.amazon.com/images/P/0452282829.01.MZZZZZZZ.jpg
176502,Balzac and the Little Chinese Seamstress : A Novel,DAI SIJIE,Anchor,2002,https://images.amazon.com/images/P/0385722206.01.MZZZZZZZ.jpg
177319,Year of Wonders,Geraldine Brooks,Penguin Books,2002,https://images.amazon.com/images/P/0142001430.01.MZZZZZZZ.jpg
177785,The Search,Iris Johansen,Bantam Books,2000,https://images.amazon.com/images/P/0553800914.01.MZZZZZZZ.jpg
177805,All I Really Need to Know,ROBERT FULGHUM,Ivy Books,1989,https://images.amazon.com/images/P/080410526X.01.MZZZZZZZ.jpg
178721,Tara Road,Maeve Binchy,Dell Publishing Company,2000,https://images.amazon.com/images/P/0440235596.01.MZZZZZZZ.jpg
180199,Chocolat,Joanne Harris,Black Swan,2000,https://images.amazon.com/images/P/0552998486.01.MZZZZZZZ.jpg
180585,Harry Potter and the Goblet of Fire,J. K. Rowling,Scholastic,2000,https://images.amazon.com/images/P/0439139597.01.MZZZZZZZ.jpg
181624,P Is for Peril,Sue Grafton,Ballantine Books,2002,https://images.amazon.com/images/P/0449003795.01.MZZZZZZZ.jpg
181979,Beach House,Mary Alice Monroe,Mira,2002,https://images.amazon.com/images/P/1551668998.01.MZZZZZZZ.jpg
182273,The Celestine Prophecy,James Redfield,Warner Books,1994,https://images.amazon.com/images/P/044651862X.01.MZZZZZZZ.jpg
182671,Harry Potter and the Order of the Phoenix,J. K. Rowling,Scholastic,2003,https://images.amazon.com/images/P/043935806X.01.MZZZZZZZ.jpg
184009,Hideaway,Dean R. Koontz,Berkley Publishing Group,1992,https://images.amazon.com/images/P/042513525X.01.MZZZZZZZ.jpg
184222,The Tommyknockers,Stephen King,Signet Book,1994,https://images.amazon.com/images/P/0451156609.01.MZZZZZZZ.jpg
184578,Tears of the Giraffe,Alexander McCall Smith,Anchor,2002,https://images.amazon.com/images/P/1400031354.01.MZZZZZZZ.jpg
185373,A Walk to Remember,Nicholas Sparks,Warner Books,2000,https://images.amazon.com/images/P/0446608955.01.MZZZZZZZ.jpg
185870,Journey,James A. Michener,Fawcett Books,1994,https://images.amazon.com/images/P/0449218473.01.MZZZZZZZ.jpg
186070,Holes,LOUIS SACHAR,Yearling,2000,https://images.amazon.com/images/P/0440414806.01.MZZZZZZZ.jpg
186375,The Summons,John Grisham,Dell Publishing Company,2002,https://images.amazon.com/images/P/0440241073.01.MZZZZZZZ.jpg
187894,The Winner,David Baldacci,Warner Vision,1998,https://images.amazon.com/images/P/0446606324.01.MZZZZZZZ.jpg
188478,The Virgin Suicides,Jeffrey Eugenides,Warner Books,1994,https://images.amazon.com/images/P/0446670251.01.MZZZZZZZ.jpg
188803,From Potter's Field,Patricia Daniels Cornwell,Berkley Publishing Group,1996,https://images.amazon.com/images/P/0425154092.01.MZZZZZZZ.jpg
189273,The Summerhouse,Jude Deveraux,Pocket,2002,https://images.amazon.com/images/P/0671014196.01.MZZZZZZZ.jpg
189490,Cold Mountain,Charles Frazier,Atlantic Monthly Press,1997,https://images.amazon.com/images/P/0871136791.01.MZZZZZZZ.jpg
189961,Scarlet Feather,Maeve Binchy,Dutton Books,2001,https://images.amazon.com/images/P/0525945938.01.MZZZZZZZ.jpg
190105,The Blind Assassin,Margaret Atwood,Nan A. Talese,2000,https://images.amazon.com/images/P/0385475721.01.MZZZZZZZ.jpg
190410,Birthright,Nora Roberts,Jove Books,2004,https://images.amazon.com/images/P/0515137111.01.MZZZZZZZ.jpg
190798,D Is for Deadbeat,Sue Grafton,Bantam,1988,https://images.amazon.com/images/P/0553271636.01.MZZZZZZZ.jpg
191059,Midnight in the Garden of Good and Evil,John Berendt,Vintage Books USA,1999,https://images.amazon.com/images/P/0679751521.01.MZZZZZZZ.jpg
191255,Three To Get Deadly : A Stephanie Plum Novel,Janet Evanovich,St. Martin's Paperbacks,1998,https://images.amazon.com/images/P/0312966091.01.MZZZZZZZ.jpg
191755,Two for the Dough,Janet Evanovich,Pocket,1996,https://images.amazon.com/images/P/0671001795.01.MZZZZZZZ.jpg
192040,Turtle Moon,Alice Hoffman,Berkley Publishing Group,1997,https://images.amazon.com/images/P/0425161285.01.MZZZZZZZ.jpg
192170,Where the Red Fern Grows,Wilson Rawls,Random House Children's Books,1984,https://images.amazon.com/images/P/0553274295.01.MZZZZZZZ.jpg
192830,A Man Named Dave: A Story of Triumph and Forgiveness,David J. Pelzer,Dutton Books,1999,https://images.amazon.com/images/P/0525945210.01.MZZZZZZZ.jpg
193444,Saint Maybe,ANNE TYLER,Ivy Books,1992,https://images.amazon.com/images/P/0804108749.01.MZZZZZZZ.jpg
193543,Rules of Prey,John Sandford,Berkley Publishing Group,1992,https://images.amazon.com/images/P/0425121631.01.MZZZZZZZ.jpg
194897,Envy,Sandra Brown,Warner Books,2002,https://images.amazon.com/images/P/0446611808.01.MZZZZZZZ.jpg
195136,Betrayal in Death,Nora Roberts,Berkley Publishing Group,2001,https://images.amazon.com/images/P/0425178579.01.MZZZZZZZ.jpg
196597,The Gunslinger,Stephen King,New American Library,2003,https://images.amazon.com/images/P/0451210840.01.MZZZZZZZ.jpg
197355,The Dark Half,Stephen King,Signet Book,1994,https://images.amazon.com/images/P/0451167317.01.MZZZZZZZ.jpg
198874,Full House,Janet Evanovich,St. Martin's Paperbacks,2002,https://images.amazon.com/images/P/0312983271.01.MZZZZZZZ.jpg
199590,F Is for Fugitive,Sue Grafton,Bantam,1990,https://images.amazon.com/images/P/0553284789.01.MZZZZZZZ.jpg
199751,E Is for Evidence: A Kinsey Millhone Mystery,Sue Grafton,Bantam,1989,https://images.amazon.com/images/P/0553279556.01.MZZZZZZZ.jpg
200061,The Regulators,Stephen King,Signet Book,2002,https://images.amazon.com/images/P/0451191013.01.MZZZZZZZ.jpg
200565,Plum Island,Nelson DeMille,Warner Books,1998,https://images.amazon.com/images/P/0446605409.01.MZZZZZZZ.jpg
201924,The Eight,Katherine Neville,Ballantine Books,1995,https://images.amazon.com/images/P/0345366239.01.MZZZZZZZ.jpg
202471,The Drawing of the Three,Stephen King,Signet Book,1997,https://images.amazon.com/images/P/0451163524.01.MZZZZZZZ.jpg
202570,Wizard and Glass,Stephen King,Signet Book,1998,https://images.amazon.com/images/P/0451194861.01.MZZZZZZZ.jpg
202837,The Empty Chair,Jeffery Deaver,Pocket,2001,https://images.amazon.com/images/P/0671026011.01.MZZZZZZZ.jpg
203296,The Sweet Potato Queens' Book of Love,JILL CONNER BROWNE,Three Rivers Press,1999,https://images.amazon.com/images/P/0609804138.01.MZZZZZZZ.jpg
203515,Drowning Ruth,CHRISTINA SCHWARZ,Ballantine Books,2001,https://images.amazon.com/images/P/0345439104.01.MZZZZZZZ.jpg
204112,The Last Precinct,Patricia Cornwell,Berkley Publishing Group,2001,https://images.amazon.com/images/P/0425180638.01.MZZZZZZZ.jpg
205248,Possession : A Romance,A.S. BYATT,Vintage,1991,https://images.amazon.com/images/P/0679735909.01.MZZZZZZZ.jpg
205919,L Is for Lawless,Sue Grafton,Fawcett Books,1996,https://images.amazon.com/images/P/0449221490.01.MZZZZZZZ.jpg
207107,Violin,Anne Rice,Alfred A. Knopf,1997,https://images.amazon.com/images/P/0679433023.01.MZZZZZZZ.jpg
207396,Animal Dreams,Barbara Kingsolver,Perennial,1991,https://images.amazon.com/images/P/0060921145.01.MZZZZZZZ.jpg
208617,Sleepers,Lorenzo Carcaterra,Ballantine Books,1996,https://images.amazon.com/images/P/0345404114.01.MZZZZZZZ.jpg
209558,The Angel of Darkness,Caleb Carr,Ballantine Books,1998,https://images.amazon.com/images/P/0345427637.01.MZZZZZZZ.jpg
210544,I Is for Innocent,Sue Grafton,Fawcett Books,1994,https://images.amazon.com/images/P/0449221512.01.MZZZZZZZ.jpg
210773,Evening Class,Maeve Binchy,Dell,1997,https://images.amazon.com/images/P/0385318073.01.MZZZZZZZ.jpg
210873,Morality for Beautiful Girls,Alexander McCall Smith,Anchor,2002,https://images.amazon.com/images/P/1400031362.01.MZZZZZZZ.jpg
211053,N Is for Noose,Sue Grafton,Fawcett Books,1999,https://images.amazon.com/images/P/0449223612.01.MZZZZZZZ.jpg
211649,A Wrinkle in Time,Madeleine L'Engle,Laure Leaf,1976,https://images.amazon.com/images/P/0440998050.01.MZZZZZZZ.jpg
212227,The English Patient,Michael Ondaatje,Vintage Books USA,1996,https://images.amazon.com/images/P/0679745203.01.MZZZZZZZ.jpg
212451,The Fourth Hand,John Irving,Ballantine Books,2002,https://images.amazon.com/images/P/0345449347.01.MZZZZZZZ.jpg
213403,Shadow Prey,John Sandford,Putnam Pub Group,1990,https://images.amazon.com/images/P/039913543X.01.MZZZZZZZ.jpg
213508,Dragon Tears,Dean R. Koontz,Putnam Pub Group,1993,https://images.amazon.com/images/P/0399137734.01.MZZZZZZZ.jpg
214423,Dawn,V.C. Andrews,Pocket,1990,https://images.amazon.com/images/P/0671670689.01.MZZZZZZZ.jpg
214547,Fat Tuesday,Sandra Brown,Warner Vision,1998,https://images.amazon.com/images/P/0446605581.01.MZZZZZZZ.jpg
215258,Couplehood,Paul Reiser,Bantam Dell Pub Group,1994,https://images.amazon.com/images/P/0553096834.01.MZZZZZZZ.jpg
215881,I Know Why the Caged Bird Sings,MAYA ANGELOU,Bantam,1983,https://images.amazon.com/images/P/0553279378.01.MZZZZZZZ.jpg
216415,Still Waters,TAMI HOAG,Bantam,1992,https://images.amazon.com/images/P/0553292722.01.MZZZZZZZ.jpg
217643,Hard Eight : A Stephanie Plum Novel,Janet Evanovich,St. Martin's Paperbacks,2003,https://images.amazon.com/images/P/0312983867.01.MZZZZZZZ.jpg
218480,Angels,Marian Keyes,William Morrow,2002,https://images.amazon.com/images/P/0060008024.01.MZZZZZZZ.jpg
218685,Debt of Honor,Tom Clancy,Berkley Publishing Group,1997,https://images.amazon.com/images/P/0425147584.01.MZZZZZZZ.jpg
219227,Dark Angel,V.C. Andrews,Pocket,1986,https://images.amazon.com/images/P/0671525433.01.MZZZZZZZ.jpg
219392,Taltos: Lives of the Mayfair Witches,Anne Rice,Ballantine Books,1996,https://images.amazon.com/images/P/0345404319.01.MZZZZZZZ.jpg
219751,One True Thing,Anna Quindlen,Random House Inc,1994,https://images.amazon.com/images/P/067940712X.01.MZZZZZZZ.jpg
220339,Skeleton Crew,Stephen King,Signet Book,1986,https://images.amazon.com/images/P/0451168615.01.MZZZZZZZ.jpg
220745,Seize the Night,DEAN KOONTZ,Bantam,1998,https://images.amazon.com/images/P/0553106651.01.MZZZZZZZ.jpg
220845,Shattered,Dean R. Koontz,Berkley Publishing Group,1993,https://images.amazon.com/images/P/0425099334.01.MZZZZZZZ.jpg
221535,Q Is for Quarry,Sue Grafton,Berkley Publishing Group,2003,https://images.amazon.com/images/P/0425192725.01.MZZZZZZZ.jpg
222091,Girl in Hyacinth Blue,Susan Vreeland,Highbridge Audio,2001,https://images.amazon.com/images/P/1565115430.01.MZZZZZZZ.jpg
222800,Full Tilt,Janet Evanovich,St. Martin's Paperbacks,2003,https://images.amazon.com/images/P/031298328X.01.MZZZZZZZ.jpg
224237,The Glass Lake,Maeve Binchy,Dell,1996,https://images.amazon.com/images/P/0440221595.01.MZZZZZZZ.jpg
224636,The Horse Whisperer,Nicholas Evans,Dell,1996,https://images.amazon.com/images/P/0440222656.01.MZZZZZZZ.jpg
225476,"River, Cross My Heart",Breena Clarke,Little Brown &amp; Company,1999,https://images.amazon.com/images/P/0316899984.01.MZZZZZZZ.jpg
226200,Catering to Nobody,Diane Mott Davidson,Fawcett Books,1995,https://images.amazon.com/images/P/044922046X.01.MZZZZZZZ.jpg
226722,"Angus, Thongs and Full-Frontal Snogging: Confessions of Georgia Nicolson",Louise Rennison,HarperTempest,2001,https://images.amazon.com/images/P/0064472272.01.MZZZZZZZ.jpg
226983,The Edge,Catherine Coulter,Jove Books,2000,https://images.amazon.com/images/P/0515128600.01.MZZZZZZZ.jpg
227137,Sea Swept,Nora Roberts,Jove Books,2001,https://images.amazon.com/images/P/0515121843.01.MZZZZZZZ.jpg
227742,Seven Up,Janet Evanovich,St. Martin's Press,2001,https://images.amazon.com/images/P/0312265840.01.MZZZZZZZ.jpg
228238,The Weight of Water : A Novel Tag: Author of Resistance and Strange Fits of Passion,Anita Shreve,Back Bay Books,1998,https://images.amazon.com/images/P/0316780375.01.MZZZZZZZ.jpg
228493,Cujo,Stephen King,Viking Books,1981,https://images.amazon.com/images/P/0670451932.01.MZZZZZZZ.jpg
228544,Hearts in Atlantis,Stephen King,Pocket,2001,https://images.amazon.com/images/P/0743436210.01.MZZZZZZZ.jpg
229243,Jacob Have I Loved,Katherine Paterson,Avon Books,1981,https://images.amazon.com/images/P/0380564998.01.MZZZZZZZ.jpg
229414,Dust to Dust,TAMI HOAG,Bantam,2002,https://images.amazon.com/images/P/0553582526.01.MZZZZZZZ.jpg
229837,Over the Edge,Jonathan Kellerman,New American Library,1993,https://images.amazon.com/images/P/0451152190.01.MZZZZZZZ.jpg
230558,Standoff,Sandra Brown,Warner Books,2000,https://images.amazon.com/images/P/0446527017.01.MZZZZZZZ.jpg
231150,"Truly, Madly Manhattan",Nora Roberts,Silhouette,2003,https://images.amazon.com/images/P/0373218036.01.MZZZZZZZ.jpg
233051,The Deep End of the Ocean,Jacquelyn Mitchard,New Amer Library,1997,https://images.amazon.com/images/P/0451186923.01.MZZZZZZZ.jpg
233217,B Is for Burglar,Sue Grafton,Bantam,1986,https://images.amazon.com/images/P/0553280341.01.MZZZZZZZ.jpg
233453,C Is for Corpse,Sue Grafton,Bantam,1987,https://images.amazon.com/images/P/0553280368.01.MZZZZZZZ.jpg
233809,Gerald's Game,Stephen King,Signet Book,2001,https://images.amazon.com/images/P/0451176464.01.MZZZZZZZ.jpg
233948,FORREST GUMP,Winston Groom,Pocket,1994,https://images.amazon.com/images/P/0671894455.01.MZZZZZZZ.jpg
234091,Rose Madder,Stephen King,Signet Book,2004,https://images.amazon.com/images/P/0451186362.01.MZZZZZZZ.jpg
235089,Tom Clancy's Op-Center,Tom Clancy,Berkley Publishing Group,1995,https://images.amazon.com/images/P/0425147363.01.MZZZZZZZ.jpg
236770,Drums of Autumn,DIANA GABALDON,Dell,1997,https://images.amazon.com/images/P/044022425X.01.MZZZZZZZ.jpg
236845,Voyager,DIANA GABALDON,Dell,1994,https://images.amazon.com/images/P/0440217563.01.MZZZZZZZ.jpg
237357,The Stone Diaries,Carol Shields,Penguin Books,1995,https://images.amazon.com/images/P/014023313X.01.MZZZZZZZ.jpg
238306,Dr. Atkins' New Diet Revolution,Robert C. Atkins,Avon Books,2001,https://images.amazon.com/images/P/006001203X.01.MZZZZZZZ.jpg
238532,Daddy,DANIELLE STEEL,Dell,1990,https://images.amazon.com/images/P/0440207622.01.MZZZZZZZ.jpg
238692,Small Town Girl,LaVyrle Spencer,Putnam Pub Group,1997,https://images.amazon.com/images/P/0399142495.01.MZZZZZZZ.jpg
239052,Killjoy,Julie Garwood,Ballantine Books,2003,https://images.amazon.com/images/P/0345453816.01.MZZZZZZZ.jpg
241535,A Thin Dark Line,TAMI HOAG,Bantam,1998,https://images.amazon.com/images/P/0553571885.01.MZZZZZZZ.jpg
241669,Matilda,Roald Dahl,Puffin Books,1990,https://images.amazon.com/images/P/014034294X.01.MZZZZZZZ.jpg
242676,The Face of Deception,Iris Johansen,Bantam Books,1999,https://images.amazon.com/images/P/0553578022.01.MZZZZZZZ.jpg
242798,G Is for Gumshoe,Sue Grafton,Fawcett Books,1991,https://images.amazon.com/images/P/0449219364.01.MZZZZZZZ.jpg
243212,The Other Boleyn Girl,Philippa Gregory,Touchstone,2002,https://images.amazon.com/images/P/0743227441.01.MZZZZZZZ.jpg
243773,The Bonfire of the Vanities,Tom Wolfe,Bantam Books,1988,https://images.amazon.com/images/P/0553275976.01.MZZZZZZZ.jpg
248105,The Bachelor,Carly Phillips,Warner Forever,2002,https://images.amazon.com/images/P/0446610542.01.MZZZZZZZ.jpg
249780,The Promise,Mandalyn Kaye,Pinnacle Books,1995,https://images.amazon.com/images/P/0786000872.01.MZZZZZZZ.jpg
250961,Needful Things,Stephen King,New Amer Library,1993,https://images.amazon.com/images/P/0451178599.01.MZZZZZZZ.jpg
251040,Four Past Midnight,Stephen King,Signet Book,2001,https://images.amazon.com/images/P/0451170385.01.MZZZZZZZ.jpg
251736,"Men Are from Mars, Women Are from Venus: A Practical Guide for Improving Communication and Getting What You Want in Your Relationships",John Gray,HarperCollins Publishers,1992,https://images.amazon.com/images/P/006016848X.01.MZZZZZZZ.jpg
252033,Smart Women,Judy Blume,Pocket Books,1990,https://images.amazon.com/images/P/0671727583.01.MZZZZZZZ.jpg
252567,Hemlock Bay,Catherine Coulter,Jove Books,2002,https://images.amazon.com/images/P/0515133302.01.MZZZZZZZ.jpg
253162,The Wedding,Nicholas Sparks,Warner Books,2003,https://images.amazon.com/images/P/0446532452.01.MZZZZZZZ.jpg
253608,Red Storm Rising,Tom Clancy,Berkley Publishing Group,1997,https://images.amazon.com/images/P/042510107X.01.MZZZZZZZ.jpg
254860,Tell Me Lies,Jennifer Crusie,St. Martin's Press,1999,https://images.amazon.com/images/P/0312966806.01.MZZZZZZZ.jpg
256663,Hide and Seek,James Patterson,Warner Books,1996,https://images.amazon.com/images/P/0446603716.01.MZZZZZZZ.jpg
256830,Wanderlust,Danielle Steel,Dell,1987,https://images.amazon.com/images/P/0440193613.01.MZZZZZZZ.jpg
257266,Whirlwind,Nancy Martin,Harlequin,1992,https://images.amazon.com/images/P/0373825013.01.MZZZZZZZ.jpg
257541,Carrie,Stephen King,Signet Book,1994,https://images.amazon.com/images/P/0451157443.01.MZZZZZZZ.jpg
257764,Schindler's List,Thomas Keneally,Touchstone,1993,https://images.amazon.com/images/P/0671880314.01.MZZZZZZZ.jpg
258091,The General's Daughter,Nelson DeMille,Warner Books,1992,https://images.amazon.com/images/P/0446513067.01.MZZZZZZZ.jpg
259715,The Bourne Supremacy,Robert Ludlum,Bantam,1987,https://images.amazon.com/images/P/0553263226.01.MZZZZZZZ.jpg
259873,Summer Pleasures,Nora Roberts,Silhouette,2002,https://images.amazon.com/images/P/0373218397.01.MZZZZZZZ.jpg
261109,Homeport,Nora Roberts,Putnam Publishing Group,1998,https://images.amazon.com/images/P/0399143874.01.MZZZZZZZ.jpg
261257,Five Days in Paris,DANIELLE STEEL,Dell,1997,https://images.amazon.com/images/P/0440222842.01.MZZZZZZZ.jpg
261958,Paradise,Toni Morrison,Alfred A. Knopf,1998,https://images.amazon.com/images/P/0679433740.01.MZZZZZZZ.jpg
262047,A Virtuous Woman,Kaye Gibbons,Vintage Books,1997,https://images.amazon.com/images/P/0375703063.01.MZZZZZZZ.jpg
263239,The Burden of Proof,Scott Turow,Warner Books,1991,https://images.amazon.com/images/P/0446360589.01.MZZZZZZZ.jpg
263497,Accident,Danielle Steel,Delacorte Press,1994,https://images.amazon.com/images/P/0385306024.01.MZZZZZZZ.jpg
263577,Master of the Game,Sidney Sheldon,Not Avail,1983,https://images.amazon.com/images/P/0446802204.01.MZZZZZZZ.jpg
263631,If Tomorrow Comes,Sidney Sheldon,Warner Books> C/o Little Br,1986,https://images.amazon.com/images/P/0446329894.01.MZZZZZZZ.jpg
264100,False Memory,Dean R. Koontz,Bantam Books,2000,https://images.amazon.com/images/P/0553580221.01.MZZZZZZZ.jpg
264567,Second Nature,Alice Hoffman,Putnam Pub Group,1994,https://images.amazon.com/images/P/0399139087.01.MZZZZZZZ.jpg
264796,Coming Home,Rosamunde Pilcher,St. Martin's Press,1996,https://images.amazon.com/images/P/0312958129.01.MZZZZZZZ.jpg
264940,Foucault's Pendulum,Umberto Eco,Ballantine Books,1990,https://images.amazon.com/images/P/0345368754.01.MZZZZZZZ.jpg
266160,Colony,Anne Rivers Siddons,HarperTorch,1993,https://images.amazon.com/images/P/0061099708.01.MZZZZZZZ.jpg
268993,Devices and Desires,Phyllis White,Warner Books,1991,https://images.amazon.com/images/P/0446359750.01.MZZZZZZZ.jpg
269607,The Killing Game: Only One Can Win...and the Loser Dies,Iris Johansen,Bantam Books,2000,https://images.amazon.com/images/P/0553581554.01.MZZZZZZZ.jpg
270110,Nightmares and Dreamscapes,Stephen King,Signet Book,2004,https://images.amazon.com/images/P/0451180232.01.MZZZZZZZ.jpg
270416,Thinner,Stephen King,New Amer Library,1985,https://images.amazon.com/images/P/0451137965.01.MZZZZZZZ.jpg
271318,Temptation,Jude Deveraux,Atria,2000,https://images.amazon.com/images/P/0671002031.01.MZZZZZZZ.jpg
272294,The Talisman,Stephen King,Berkley Publishing Group,1991,https://images.amazon.com/images/P/0425105334.01.MZZZZZZZ.jpg
274357,"Welcome to the World, Baby Girl!",Fannie Flagg,Ballantine Books,1999,https://images.amazon.com/images/P/080411868X.01.MZZZZZZZ.jpg
275153,Fatal Cure,Robin Cook,Berkley Publishing Group,1997,https://images.amazon.com/images/P/0425145638.01.MZZZZZZZ.jpg
275249,A Fine Balance,Rohinton Mistry,Vintage Books USA,2001,https://images.amazon.com/images/P/140003065X.01.MZZZZZZZ.jpg
275980,Deja Dead,Kathy Reichs,Pocket,1998,https://images.amazon.com/images/P/0671011367.01.MZZZZZZZ.jpg
276571,The Ugly Duckling,Iris Johansen,Bantam Books,1997,https://images.amazon.com/images/P/0553569910.01.MZZZZZZZ.jpg
278302,Fine Things,Danielle Steel,Dell,1988,https://images.amazon.com/images/P/0440200563.01.MZZZZZZZ.jpg
279743,Anne of the Island,Lucy Maud Montgomery,Bantam Classics,1983,https://images.amazon.com/images/P/0553213172.01.MZZZZZZZ.jpg
281704,Welcome to Temptation,Jennifer Crusie,St. Martin's Paperbacks,2001,https://images.amazon.com/images/P/0312974256.01.MZZZZZZZ.jpg
281856,Sole Survivor,DEAN KOONTZ,Knopf,1997,https://images.amazon.com/images/P/0679425268.01.MZZZZZZZ.jpg
282079,Tears of the Moon,Nora Roberts,Jove Books,2000,https://images.amazon.com/images/P/0515128546.01.MZZZZZZZ.jpg
282468,Beach Music,PAT CONROY,Nan A. Talese,1995,https://images.amazon.com/images/P/0385413041.01.MZZZZZZZ.jpg
283225,The Genesis Code,John Case,Ballantine Books,1998,https://images.amazon.com/images/P/0345422317.01.MZZZZZZZ.jpg
284519,Practical Magic,Alice Hoffman,Berkley Publishing Group,1998,https://images.amazon.com/images/P/0425168468.01.MZZZZZZZ.jpg
284583,Riptide,Catherine Coulter,Jove Books,2001,https://images.amazon.com/images/P/0515130966.01.MZZZZZZZ.jpg
285771,Gorky Park,Martin Cruz Smith,Ballantine Books,1993,https://images.amazon.com/images/P/0345298349.01.MZZZZZZZ.jpg
288116,Fortune's Rocks: A Novel,Anita Shreve,Back Bay Books,1999,https://images.amazon.com/images/P/0316781010.01.MZZZZZZZ.jpg
288993,Silent Witness,RICHARD NORTH PATTERSON,Ballantine Books,1997,https://images.amazon.com/images/P/0345404769.01.MZZZZZZZ.jpg
291980,Midnight Bayou,Nora Roberts,Putnam Publishing Group,2001,https://images.amazon.com/images/P/0399148248.01.MZZZZZZZ.jpg
292219,Fingersmith,Sarah Waters,Riverhead Books,2002,https://images.amazon.com/images/P/1573229725.01.MZZZZZZZ.jpg
292598,Shadowfires,Dean R. Koontz,Berkley Publishing Group,1994,https://images.amazon.com/images/P/0425136981.01.MZZZZZZZ.jpg
294728,Remember Me,Mary Higgins Clark,Pocket,1995,https://images.amazon.com/images/P/0671867091.01.MZZZZZZZ.jpg
296720,It's Always Something,Gilda Radner,Avon,1990,https://images.amazon.com/images/P/0380710722.01.MZZZZZZZ.jpg
299425,Fatherhood,Bill Cosby,Berkley Publishing Group,1994,https://images.amazon.com/images/P/0425097722.01.MZZZZZZZ.jpg
301704,Kaleidoscope,Danielle Steel,Dell,1988,https://images.amazon.com/images/P/0440201926.01.MZZZZZZZ.jpg
301797,Secrets,DANIELLE STEEL,Dell,1986,https://images.amazon.com/images/P/0440176484.01.MZZZZZZZ.jpg
302559,The Long Road Home,DANIELLE STEEL,Delacorte Press,1998,https://images.amazon.com/images/P/0385319568.01.MZZZZZZZ.jpg
302815,"Like Water for Chocolate : A Novel in Monthly Installments with Recipes, Romances, and Home Remedies",LAURA ESQUIVEL,Anchor,1995,https://images.amazon.com/images/P/038542017X.01.MZZZZZZZ.jpg
304945,Bridge to Terabithia,Katherine Paterson,Avon Books,1979,https://images.amazon.com/images/P/0380432811.01.MZZZZZZZ.jpg
306526,The Saving Graces: A Novel,Patricia Gaffney,HarperTorch,2000,https://images.amazon.com/images/P/0061097101.01.MZZZZZZZ.jpg
307118,Invasion,Robin Cook,Berkley Publishing Group,1997,https://images.amazon.com/images/P/0425155404.01.MZZZZZZZ.jpg
309157,Blue Diary,Alice Hoffman,Berkley Publishing Group,2002,https://images.amazon.com/images/P/0425184943.01.MZZZZZZZ.jpg
311075,Moo,Jane Smiley,Ballantine Books,1996,https://images.amazon.com/images/P/0449910237.01.MZZZZZZZ.jpg
311942,Billy Straight : A Novel,JONATHAN KELLERMAN,Ballantine Books,1999,https://images.amazon.com/images/P/0345413865.01.MZZZZZZZ.jpg
312968,Macgregor Grooms,Nora Roberts,Silhouette,1998,https://images.amazon.com/images/P/0373483694.01.MZZZZZZZ.jpg
317446,Nicolae: The Rise of Antichrist,Tim F. Lahaye,Tyndale House Publishers,1998,https://images.amazon.com/images/P/0842329242.01.MZZZZZZZ.jpg
319698,Night Prey,John Sandford,Berkley Publishing Group,2004,https://images.amazon.com/images/P/0425146413.01.MZZZZZZZ.jpg
321319,The Crimson Petal and the White,Michel Faber,Harcourt,2002,https://images.amazon.com/images/P/015100692X.01.MZZZZZZZ.jpg
325700,Vector,Robin Cook,Putnam Pub Group,1999,https://images.amazon.com/images/P/0399144714.01.MZZZZZZZ.jpg
330220,Acceptable Risk,Robin Cook,Berkley Publishing Group,1996,https://images.amazon.com/images/P/0425151867.01.MZZZZZZZ.jpg
330860,The Switch,Sandra Brown,Warner Vision,2001,https://images.amazon.com/images/P/0446609943.01.MZZZZZZZ.jpg
331258,The Clan of the Cave Bear,Jean M. Auel,Bantam Books,1984,https://images.amazon.com/images/P/0553250426.01.MZZZZZZZ.jpg
331902,"Scarlett : The Sequel to Margaret Mitchell's \Gone With the Wind\""""",Alexandra Ripley,Warner Books,1992,https://images.amazon.com/images/P/0446363251.01.MZZZZZZZ.jpg
333605,Night Whispers,Judith McNaught,Pocket,1999,https://images.amazon.com/images/P/0671525743.01.MZZZZZZZ.jpg
335379,A Great Deliverance,Elizabeth George,Bantam Books,1989,https://images.amazon.com/images/P/0553278029.01.MZZZZZZZ.jpg
338506,Sacred Sins,Nora Roberts,Bantam Books,1990,https://images.amazon.com/images/P/0553265741.01.MZZZZZZZ.jpg
338995,The Sands of Time,Sidney Sheldon,Warner Books,1989,https://images.amazon.com/images/P/0446356832.01.MZZZZZZZ.jpg
339734,Touching Evil,Kay Hooper,Bantam Books,2001,https://images.amazon.com/images/P/0553583441.01.MZZZZZZZ.jpg
339843,Artemis Fowl,Eoin Colfer,Miramax Kids,2002,https://images.amazon.com/images/P/0786817070.01.MZZZZZZZ.jpg
344160,The Copper Beech,Maeve Binchy,Dell,1993,https://images.amazon.com/images/P/0440213290.01.MZZZZZZZ.jpg
345830,Key of Knowledge,Nora Roberts,Jove Books,2003,https://images.amazon.com/images/P/0515136379.01.MZZZZZZZ.jpg
345947,Key of Valor,Nora Roberts,Jove Pubns,2003,https://images.amazon.com/images/P/0515136530.01.MZZZZZZZ.jpg
346145,Key of Light,Nora Roberts,Jove Books,2003,https://images.amazon.com/images/P/051513628X.01.MZZZZZZZ.jpg
346963,Wifey,Judy Blume,Pocket,1989,https://images.amazon.com/images/P/0671693816.01.MZZZZZZZ.jpg
347343,The Bourne Ultimatum,Robert Ludlum,Bantam Books,1991,https://images.amazon.com/images/P/0553287737.01.MZZZZZZZ.jpg
351390,A Wrinkle In Time,MADELEINE L'ENGLE,Yearling,1998,https://images.amazon.com/images/P/0440498058.01.MZZZZZZZ.jpg
354220,The Boy Next Door,Meggin Cabot,Avon Trade,2002,https://images.amazon.com/images/P/0060096195.01.MZZZZZZZ.jpg
358793,Family Album,Danielle Steel,Dell,1989,https://images.amazon.com/images/P/0440124344.01.MZZZZZZZ.jpg
360391,Macgregor Brides,Nora Roberts,Silhouette,1997,https://images.amazon.com/images/P/0373483503.01.MZZZZZZZ.jpg
360620,Sanctuary,Nora Roberts,Jove Books,2004,https://images.amazon.com/images/P/0515122734.01.MZZZZZZZ.jpg
361022,Message from Nam,Danielle Steel,Dell,1991,https://images.amazon.com/images/P/0440209412.01.MZZZZZZZ.jpg
363023,The Pull of the Moon,Elizabeth Berg,Berkley Publishing Group,2000,https://images.amazon.com/images/P/0425176487.01.MZZZZZZZ.jpg
366561,Portrait in Death,Nora Roberts,Berkley Publishing Group,2003,https://images.amazon.com/images/P/0425189031.01.MZZZZZZZ.jpg
370463,All the Pretty Horses,CORMAC MCCARTHY,Vintage,1993,https://images.amazon.com/images/P/0679744398.01.MZZZZZZZ.jpg
371851,The Most Wanted,Jacquelyn Mitchard,Signet Book,1999,https://images.amazon.com/images/P/0451196856.01.MZZZZZZZ.jpg
373307,Eyes of a Child,Richard North Patterson,Random House Inc,1994,https://images.amazon.com/images/P/0679429883.01.MZZZZZZZ.jpg
374271,Exclusive,Sandra Brown,Warner Books,1997,https://images.amazon.com/images/P/0446604232.01.MZZZZZZZ.jpg
377288,Crazy for You,Jennifer Crusie,St Martins Pr,1999,https://images.amazon.com/images/P/0312198493.01.MZZZZZZZ.jpg
377347,GARDEN OF SHADOWS,Ariel Jennifer Jones,Pocket,1987,https://images.amazon.com/images/P/067164257X.01.MZZZZZZZ.jpg
378189,The Return Journey,MAEVE BINCHY,Dell,1999,https://images.amazon.com/images/P/0440224594.01.MZZZZZZZ.jpg
383711,Jewels of the Sun,Nora Roberts,Jove Books,2004,https://images.amazon.com/images/P/0515126772.01.MZZZZZZZ.jpg
386555,Heartbeat,Danielle Steel,Delacorte Press,1991,https://images.amazon.com/images/P/0385299087.01.MZZZZZZZ.jpg
390530,H Is for Homicide,Sue Grafton,Fawcett Books,1993,https://images.amazon.com/images/P/0449219461.01.MZZZZZZZ.jpg
392259,Mind Prey,John Sandford,Berkley Publishing Group,2004,https://images.amazon.com/images/P/0425152898.01.MZZZZZZZ.jpg
393514,Fortune's Rocks : A Novel,Anita Shreve,Back Bay Books,2001,https://images.amazon.com/images/P/0316678104.01.MZZZZZZZ.jpg
393757,The Cradle Will Fall,Mary Higgins Clark,Pocket,1991,https://images.amazon.com/images/P/0671741195.01.MZZZZZZZ.jpg
397966,Dream Country,Luanne Rice,Bantam Books,2002,https://images.amazon.com/images/P/055358264X.01.MZZZZZZZ.jpg
398576,Executive Orders,Tom Clancy,Berkley Publishing Group,1997,https://images.amazon.com/images/P/0425158632.01.MZZZZZZZ.jpg
398968,Cat and Mouse,James Patterson,Warner Books,1998,https://images.amazon.com/images/P/0446606189.01.MZZZZZZZ.jpg
401434,Blood Work,Michael Connelly,Warner Books,1998,https://images.amazon.com/images/P/0446602620.01.MZZZZZZZ.jpg
405920,Certain Prey,John Sandford,Berkley Publishing Group,2000,https://images.amazon.com/images/P/0425174271.01.MZZZZZZZ.jpg
406020,Easy Prey,John Sandford,Putnam Publishing Group,2000,https://images.amazon.com/images/P/039914613X.01.MZZZZZZZ.jpg
406323,Mortal Prey,John Sandford,Berkley Publishing Group,2003,https://images.amazon.com/images/P/0425189864.01.MZZZZZZZ.jpg
407576,Patriot Games,Tom Clancy,Berkley Publishing Group,1992,https://images.amazon.com/images/P/0425109720.01.MZZZZZZZ.jpg
408414,Zoya,Danielle Steel,Dell,1989,https://images.amazon.com/images/P/0440203856.01.MZZZZZZZ.jpg
409525,Inner Harbor,Nora Roberts,Jove Books,2001,https://images.amazon.com/images/P/0515124214.01.MZZZZZZZ.jpg
409712,No Greater Love,Danielle Steel,Dell,1992,https://images.amazon.com/images/P/0440213282.01.MZZZZZZZ.jpg
411999,My Gal Sunday,Mary Higgins Clark,Simon &amp; Schuster,1996,https://images.amazon.com/images/P/0684832291.01.MZZZZZZZ.jpg
413686,That Camden Summer,Lavyrle Spencer,Putnam Pub Group,1996,https://images.amazon.com/images/P/0399141200.01.MZZZZZZZ.jpg
429766,Guardian Angel,Sara Paretsky,Dell Publishing Company,1996,https://images.amazon.com/images/P/0440213991.01.MZZZZZZZ.jpg
463961,M Is for Malice,Sue Grafton,Fawcett Books,1998,https://images.amazon.com/images/P/0449223604.01.MZZZZZZZ.jpg
496020,Nothing Lasts Forever,Sidney Sheldon,Harpercollins Childrens Books,1994,https://images.amazon.com/images/P/0688084915.01.MZZZZZZZ.jpg
526676,Deck the Halls,Mary Higgins Clark,Pocket,2002,https://images.amazon.com/images/P/0743418131.01.MZZZZZZZ.jpg
